number,values_0,values_1,values_2,values_3,datetime_start,datetime_complete,duration,params_ckf_chi2CutOffMeasurement,params_ckf_chi2CutOffOutlier_margin,params_ckf_maxHolesAndOutliers,params_ckf_nMeasurementsMin,params_ckf_numMeasurementsCutOff,params_ckf_ptMin,params_num_seeds_per_spm,params_seed_impactMax,params_seed_minPt,params_seed_sigmaScattering,state
0,,,,,2026-07-23 17:17:27.604520,,,10.002850160177992,29.307126648606683,6,7,3,0.7248049965249477,29,2.3199343787341924,0.30236110318296633,8.108881080605475,RUNNING
1,,,,,2026-07-23 17:17:27.610086,,,5.233293438247642,4.106603753116978,3,5,1,0.7537938959462057,63,3.092887836616247,1.1647192202961416,6.9341103777537,RUNNING
2,,,,,2026-07-23 17:17:27.641446,,,19.597517098961493,17.087122917985557,6,9,4,0.8089858436156672,9,3.646011198705309,0.5070451102791509,7.156206539141503,RUNNING
3,,,,,2026-07-23 17:17:27.660378,,,18.28878038145291,27.95929985934433,6,5,2,0.892092605333469,62,4.749226135859398,0.34966678585369154,7.062642873400382,RUNNING
4,83.94192457199097,19.090035557746887,0.013334755203686655,2.789614237844944,2026-07-23 17:20:40.534271,2026-07-23 17:22:17.411668,0 days 00:01:36.877397,23.798588440049176,26.85302145566259,2,5,2,0.44134382476288825,59,0.9540227563310012,0.8031638663578466,2.6228246171824514,COMPLETE
5,74.05778169631958,0.4452043678611517,0.02258283057017252,5.483623020350933,2026-07-23 17:20:40.558344,2026-07-23 17:23:46.650575,0 days 00:03:06.092231,17.475130252382684,21.178334253107003,4,9,5,0.3245542218212173,20,4.7878664045257455,0.9098775027510357,2.059976655472335,COMPLETE
6,64.62457776069641,21.01210653781891,0.28232878539711237,11.96098317950964,2026-07-23 17:20:40.575984,2026-07-23 17:27:10.874279,0 days 00:06:30.298295,9.186150846494357,19.231524228533097,6,7,2,0.825069247302799,77,1.951712144616463,0.8651199056782997,8.576581566428334,COMPLETE
7,56.89250826835632,6.228668987751007,0.06932594114914536,5.803786419332027,2026-07-23 17:20:40.610624,2026-07-23 17:23:54.721513,0 days 00:03:14.110889,6.203628388019137,15.106497482967265,3,4,3,0.5027428370388843,43,3.909428734797364,1.0619501369431559,3.4185848542521775,COMPLETE
8,51.96876525878906,0.3474009223282337,0.025733403163030744,7.1742424964904785,2026-07-23 17:22:17.430472,2026-07-23 17:26:29.094943,0 days 00:04:11.664471,7.063419081248464,6.754139234885783,3,8,4,0.5967784212377005,19,3.3105164376325966,1.1876500777009742,7.355890073553489,COMPLETE
9,,,,,2026-07-23 17:23:46.672431,2026-07-23 17:28:40.182507,0 days 00:04:53.510076,18.792234896101508,1.2563058556291617,3,9,4,1.0934218413550962,77,0.7837982160352033,0.4767998920760327,4.884219389016769,PRUNED
10,,,,,2026-07-23 17:23:54.740454,2026-07-23 17:26:05.226384,0 days 00:02:10.485930,8.62450559950137,19.727929323080133,1,9,5,0.30303817092465174,67,1.2687270415897614,1.195021365634658,5.291911287311547,PRUNED
11,,,,,2026-07-23 17:26:05.247541,2026-07-23 17:29:10.341568,0 days 00:03:05.094027,11.676573320176658,17.463341847588765,4,8,3,1.0801320540608461,56,1.065426707231275,1.048792436931618,5.027041180003309,PRUNED
12,59.1472327709198,12.435521185398102,0.055628601694479585,18.201316736638546,2026-07-23 17:26:29.115139,2026-07-23 17:36:14.512707,0 days 00:09:45.397568,18.218852077942657,27.74073043538759,1,5,4,0.8835411191436182,70,3.16774619450046,0.5319462204924551,5.122797943470227,COMPLETE
13,,,,,2026-07-23 17:27:10.894240,2026-07-23 17:40:39.904671,0 days 00:13:29.010431,21.817191646990892,22.924499417447098,3,6,2,1.0368682780077236,61,3.293174762974345,0.42053595907990393,4.855782390901401,PRUNED
14,,,,,2026-07-23 17:28:40.201237,2026-07-23 17:29:59.262062,0 days 00:01:19.060825,6.786082242019935,16.747083361142995,1,8,2,0.5908560721946499,17,3.944270129683664,1.066862639144207,2.354542031686983,PRUNED
15,,,,,2026-07-23 17:29:10.360291,2026-07-23 17:41:13.031937,0 days 00:12:02.671646,23.501718366372124,20.950672074245215,6,7,2,0.9498196648272104,79,2.2329106501922453,0.9051743664515404,7.378125858169452,PRUNED
16,60.69071888923645,25.89641511440277,0.06982379709370434,15.490914963185787,2026-07-23 17:29:59.281081,2026-07-23 17:38:16.380994,0 days 00:08:17.099913,26.37575135695479,7.423995023098015,1,4,3,0.8803470278855854,66,3.0481206468057165,0.5562558334643377,9.623513874436803,COMPLETE
17,52.51869559288025,91.37135744094849,0.006685415428364649,23.66710615903139,2026-07-23 17:36:14.532619,2026-07-23 17:48:55.037249,0 days 00:12:40.504630,20.306947806603972,13.679788717530336,6,4,2,0.4797324657810605,48,4.131264887239361,1.095580167366728,2.2260037538605806,COMPLETE
18,97.60228991508484,10.807172954082489,0.02691957342904061,7.182493165135384,2026-07-23 17:38:16.402650,2026-07-23 17:42:07.437998,0 days 00:03:51.035348,19.015017346935313,15.432465837034133,1,5,3,0.4992670397547627,46,2.5827574133891065,0.5916922866179039,3.5999941761389707,COMPLETE
19,,,,,2026-07-23 17:40:39.924446,2026-07-23 17:45:41.420323,0 days 00:05:01.495877,25.928542568895644,22.792207889114724,5,6,3,0.9502052910826901,5,4.570889792945964,0.5611267355262257,3.3513567716179304,PRUNED
20,,,,,2026-07-23 17:41:13.054976,2026-07-23 17:43:29.646919,0 days 00:02:16.591943,15.123195656192838,20.625080387862663,2,8,3,1.186583210167024,72,2.0033616164226586,1.104279947287192,5.3769042277442525,PRUNED
21,,,,,2026-07-23 17:42:07.458545,2026-07-23 17:44:41.573307,0 days 00:02:34.114762,12.041379561338884,7.624421960051473,1,7,3,1.0823518561489258,42,4.902804614813839,1.1752176001666919,6.155801614680354,PRUNED
22,71.4070975780487,51.62926912307739,0.09833720978349447,21.87647095322609,2026-07-23 17:43:29.667871,2026-07-23 17:55:11.097135,0 days 00:11:41.429264,21.381835412464437,24.293862121577405,2,4,3,0.8086557129415448,72,3.1348927446050725,0.5267658852885693,5.567375507281195,COMPLETE
23,94.27335262298584,12.843026220798492,0.012646107643377036,12.369293555617332,2026-07-23 17:44:41.591829,2026-07-23 17:51:19.770715,0 days 00:06:38.178886,19.501815925402536,17.31853248252302,1,6,3,0.36560405798207796,76,4.213019766434686,0.7334368042099565,7.871409255101244,COMPLETE
24,67.67488121986389,4.847946390509605,0.2270932076498866,8.875650763511658,2026-07-23 17:45:41.437320,2026-07-23 17:50:27.654574,0 days 00:04:46.217254,9.950009181272907,26.074577593885007,3,7,2,0.7889065965330992,53,2.688254957262777,0.8849594165067258,6.374162035517974,COMPLETE
25,95.81316709518433,31.041142344474792,0.1517701894044876,11.441207818686962,2026-07-23 17:48:55.058298,2026-07-23 17:55:02.881172,0 days 00:06:07.822874,11.022098179313186,2.336755150002289,4,7,2,0.38702268146311136,18,3.4546222933443493,0.576371984377141,6.111261712561677,COMPLETE
26,,,,,2026-07-23 17:50:27.676527,2026-07-23 17:54:53.971585,0 days 00:04:26.295058,24.496582277708477,19.798913414562072,4,6,2,1.1420973967578292,61,1.1428740386808662,0.9768549694525737,9.691450009647072,PRUNED
27,95.45754790306091,32.01405107975006,0.005758958650403656,6.652817860245705,2026-07-23 17:51:19.790052,2026-07-23 17:54:54.592791,0 days 00:03:34.802739,28.88356019236913,28.974505050626192,2,5,1,0.38558407791368343,36,1.5124765049848792,0.7026328188831386,9.529775530399995,COMPLETE
28,89.6502435207367,11.084716767072678,0.011759725020965561,5.6035986095666885,2026-07-23 17:54:53.990112,2026-07-23 17:57:54.719595,0 days 00:03:00.729483,15.237899682247548,25.76417893030286,2,5,1,0.301990235143825,32,4.522775236671956,0.7563419122247487,2.724972884042548,COMPLETE
29,87.35518455505371,17.502352595329285,0.006721333193127066,2.2582993507385254,2026-07-23 17:54:54.612129,2026-07-23 17:56:08.233150,0 days 00:01:13.621021,29.94925628940126,28.762322922495116,2,5,1,0.6936830623984451,34,0.5153684884943823,0.7260381709658226,4.068820170220945,COMPLETE
30,91.03974103927612,28.250327706336975,0.012627537944354117,5.557486683130264,2026-07-23 17:55:02.902852,2026-07-23 17:58:02.983546,0 days 00:03:00.080694,28.55588599672258,29.94521008216899,2,5,1,0.6167275444669994,32,1.5783931052475548,0.7553511108002425,3.950156623012986,COMPLETE
31,96.75905704498291,36.01692020893097,0.013288742047734559,8.009068839251995,2026-07-23 17:55:11.117630,2026-07-23 17:59:29.039922,0 days 00:04:17.922292,29.402914600948932,29.987019894814228,2,5,1,0.6591373727479883,34,0.6128936469264252,0.305205365032672,4.128606790229826,COMPLETE
32,84.22788977622986,83.4106981754303,0.0026600342607707717,10.798400804400444,2026-07-23 17:56:08.257383,2026-07-23 18:01:55.185372,0 days 00:05:46.927989,15.44719165204807,29.839765224704344,5,6,1,0.688115036008256,31,4.977840729858976,0.675066688417523,4.129731668928925,COMPLETE
33,90.23683667182922,71.77044749259949,0.004365001586847939,4.666086986660957,2026-07-23 17:57:54.739363,2026-07-23 18:00:27.219814,0 days 00:02:32.480451,15.605405897054949,29.914989306866918,5,5,1,0.6793317746147709,31,0.6139715702731903,0.6626426616617421,4.212250767250691,COMPLETE
34,89.71256613731384,0.10029285913333297,0.0,2.6916137039661407,2026-07-23 17:58:03.004519,2026-07-23 17:59:33.007893,0 days 00:01:30.003374,15.888601652349994,24.720427463567493,5,9,1,0.6807871565173294,26,0.5385527737263343,0.6418495814431723,4.215602883822051,COMPLETE
35,88.92799615859985,0.14310701517388225,0.0039751947042532265,7.291257292032242,2026-07-23 17:59:29.059847,2026-07-23 18:03:24.359256,0 days 00:03:55.299409,16.13259789948979,24.94520676296125,5,9,1,0.6890165042206364,24,4.830362183531069,0.6740099695089341,2.995952139517896,COMPLETE
36,80.65332174301147,0.07964249234646559,0.0,5.615129694342613,2026-07-23 17:59:33.027205,2026-07-23 18:02:34.190817,0 days 00:03:01.163612,15.477188616615454,11.625899187031017,5,9,1,0.7261271816098315,26,1.4845998846556903,0.6358883566273436,8.960312570719406,COMPLETE
37,81.15926384925842,0.07952286396175623,0.0,4.369152203202248,2026-07-23 18:00:27.238066,2026-07-23 18:02:56.158977,0 days 00:02:28.920911,13.885774092879958,12.390400801514762,5,9,1,0.7147058488068132,9,1.451472899881479,0.6533167939964047,9.08808210140871,COMPLETE
38,83.06203484535217,0.6691101472824812,0.004261847789166495,7.490902133285999,2026-07-23 18:01:55.203027,2026-07-23 18:06:02.835143,0 days 00:04:07.632116,29.414841992106357,10.524429348413204,5,9,1,0.7178541466429432,26,0.5082034323623504,0.3405397465926038,8.997405802329633,COMPLETE
39,77.9769778251648,0.06006560870446265,0.004620431718649343,3.6673450618982315,2026-07-23 18:02:34.210885,2026-07-23 18:04:34.126299,0 days 00:01:59.915414,13.133257671618521,24.095947610409652,6,9,1,0.7261461386738958,9,0.5100575395765772,0.3527743743957332,6.744892006905521,COMPLETE
40,95.92682123184204,11.583666503429413,0.006058402868802659,11.992704719305038,2026-07-23 18:02:56.178335,2026-07-23 18:09:22.868236,0 days 00:06:26.689901,27.891068560403852,23.8865522846792,6,8,1,0.6480145519622389,25,0.6260303185987987,0.30739550440085106,6.967331330371174,COMPLETE
41,96.30444049835205,16.437754034996033,0.006592681893380359,12.968542642891407,2026-07-23 18:03:24.378274,2026-07-23 18:10:21.730920,0 days 00:06:57.352646,27.68566040501731,27.624900926145106,6,8,1,0.5570526496159889,36,0.5123464172030163,0.32966063124738526,6.791748330438844,COMPLETE
42,,,,,2026-07-23 18:04:34.145416,2026-07-23 18:39:11.207076,0 days 00:34:37.061660,28.306477695853538,27.33818816376637,4,8,5,0.5525247266871005,38,0.848519474507761,0.32920350078320704,8.014236153419091,PRUNED
43,62.99310922622681,0.26743689086288214,0.026743687340058386,4.1628479436039925,2026-07-23 18:06:02.855386,2026-07-23 18:08:17.092371,0 days 00:02:14.236985,5.700028089675911,27.891197088411243,4,8,5,0.5734210452073473,37,0.9363141678841689,0.9780512334405665,8.182806774485293,COMPLETE
44,77.47103571891785,0.560940383002162,0.008249123493442312,3.865012988448143,2026-07-23 18:08:17.112227,2026-07-23 18:10:22.128596,0 days 00:02:05.016369,8.594733752070024,4.528978383795735,3,8,1,0.5419641310736869,37,0.8314316808031423,0.8451481209711471,7.49370835650856,COMPLETE
45,78.7578821182251,2.0688284188508987,0.11139845009893179,4.24798097461462,2026-07-23 18:09:22.890061,2026-07-23 18:11:41.281521,0 days 00:02:18.391460,8.469142680875748,22.417161156690394,3,7,4,0.548823873417345,13,0.8555011856996915,0.834297475924646,4.48071824038974,COMPLETE
46,68.47778558731079,0.10011064587160945,0.0052689814765471965,3.6718381196260452,2026-07-23 18:10:21.749676,2026-07-23 18:12:21.266131,0 days 00:01:59.516455,8.067515966816854,22.404550350612162,3,9,5,0.773467540895009,12,0.919210797181188,0.8139902617139072,4.677551772636466,COMPLETE
47,75.38862228393555,1.6274051740765572,0.15285020926967263,7.525236539542675,2026-07-23 18:10:22.147888,2026-07-23 18:14:29.834112,0 days 00:04:07.686224,23.269509806374657,22.126599119239472,4,9,4,0.7699430883080521,13,1.7523095494679446,0.4363688564047473,4.6889617958403065,COMPLETE
48,93.76007914543152,0.1998527441173792,0.0,7.704763166606426,2026-07-23 18:11:41.301584,2026-07-23 18:15:50.098232,0 days 00:04:08.796648,16.910820833253233,26.763783298924448,4,9,1,0.641474864975647,22,1.2632541999663471,0.4467453775535527,5.819171251727193,COMPLETE
49,94.13037300109863,0.4001263529062271,0.003509880480123684,8.098514318466187,2026-07-23 18:12:21.286384,2026-07-23 18:16:45.026412,0 days 00:04:23.740028,23.580987327248664,26.651986447399228,4,9,1,0.6462593845200494,21,1.2504876258616315,0.4062807079605296,5.854265184134523,COMPLETE
50,95.78017592430115,3.216501697897911,0.010062049113912508,6.495802164077759,2026-07-23 18:14:29.854904,2026-07-23 18:18:01.106680,0 days 00:03:31.251776,17.075693091739506,27.139436647419334,6,8,1,0.6470183300825234,23,1.1913753702903804,0.4881262216688075,5.724178856999324,COMPLETE
51,60.22877097129822,80.19819855690002,0.03142430796287954,16.428578935563564,2026-07-23 18:15:50.117345,2026-07-23 18:24:38.065361,0 days 00:08:47.948016,17.63520421023421,18.80027502905144,4,4,2,0.8571073094375441,21,1.2663253686093259,0.498204295111485,3.7711006383450405,COMPLETE
52,83.5533082485199,86.03524565696716,0.01947594719240442,26.607608892023563,2026-07-23 18:16:45.046816,2026-07-23 18:30:59.749595,0 days 00:14:14.702779,17.229754516011592,18.45473641562505,5,4,2,0.6292191710916113,29,0.7516789312430922,0.4839083267649602,3.804489293783365,COMPLETE
53,61.72459125518799,4.771002754569054,0.20743489731103182,5.628038741648197,2026-07-23 18:18:01.126180,2026-07-23 18:21:03.222990,0 days 00:03:02.096810,17.133630087969404,18.30480622958747,5,8,2,0.8534916956290843,21,1.083053402970151,0.6052650206159398,3.7871161039123606,COMPLETE
54,,,,,2026-07-23 18:21:03.244910,2026-07-23 18:23:31.778559,0 days 00:02:28.533649,17.722865443711292,25.307165096497997,6,9,2,0.9402211020377433,28,0.7400839874738703,0.5084476775320333,3.107423459890023,PRUNED
55,96.43276333808899,12.206390500068665,0.3343995427712798,14.286538183689117,2026-07-23 18:23:31.798138,2026-07-23 18:31:11.326185,0 days 00:07:39.528047,14.069504706994827,0.12412343533797454,5,8,2,0.4498692872205089,40,3.651388145039454,0.4779381116880972,4.423714945068479,COMPLETE
56,94.8929488658905,0.8034083992242813,0.11564211454242468,17.18840393424034,2026-07-23 18:24:38.086034,2026-07-23 18:33:50.111077,0 days 00:09:12.025043,13.879709932020047,0.7333749747819152,5,9,4,0.6150084212221387,42,3.617238979327488,0.4546575119980931,2.64388270381825,COMPLETE
57,86.98856234550476,3.8799498230218887,0.1312335953116417,7.706507243216038,2026-07-23 18:30:59.770988,2026-07-23 18:35:08.246963,0 days 00:04:08.475975,13.002006140886355,0.6475153572875154,6,8,4,0.42393347676867793,41,1.9763114809159696,0.7836061707573027,2.536193615964629,COMPLETE
58,91.00307822227478,0.11442465474829078,0.0,3.799244426190853,2026-07-23 18:31:11.345539,2026-07-23 18:33:14.611996,0 days 00:02:03.266457,13.028984741529108,28.27934072372358,6,9,1,0.6073542250207299,49,2.2358528845945527,0.6999119370171674,2.039651233374678,COMPLETE
59,94.68763470649719,0.4485953599214554,0.002451340878906194,8.829041585326195,2026-07-23 18:33:14.632036,2026-07-23 18:37:59.082288,0 days 00:04:44.450252,18.97928964015649,15.804977413881625,6,9,1,0.49283738942102145,48,2.727471720987369,0.6120780624488626,5.6780267145949175,COMPLETE
60,94.58498358726501,0.41311229579150677,0.005365094693843275,8.895728155970573,2026-07-23 18:33:50.131365,2026-07-23 18:38:36.821523,0 days 00:04:46.690158,19.06168808415344,8.95860331686099,6,9,1,0.5273175667913431,48,2.335722239677408,0.614755375033428,3.4289338716626716,COMPLETE
61,94.4713294506073,0.4434531554579735,0.0,6.8983282670378685,2026-07-23 18:35:08.265362,2026-07-23 18:38:51.154559,0 days 00:03:42.889197,19.400015344376722,15.30099929923495,6,9,1,0.5090167332458457,47,2.374117622151043,0.6065708343598586,2.030581234131741,COMPLETE
62,73.9844560623169,0.07271317299455404,0.0,3.713732659816742,2026-07-23 18:37:59.100890,2026-07-23 18:39:59.371846,0 days 00:02:00.270956,10.30070840332897,9.208043815328365,6,9,1,0.7565307851435513,49,2.2309534875454444,0.7031597007171463,2.0459656190253748,COMPLETE
63,,,,,2026-07-23 18:38:36.840147,2026-07-23 18:41:49.653145,0 days 00:03:12.812998,10.51226459430663,27.623571126328716,6,8,1,1.003235070547318,56,2.3227636625913854,0.7167346484806584,2.0235261777957523,PRUNED
64,95.6041932106018,1.5492427162826061,0.026062029064632952,13.810704968869686,2026-07-23 18:38:51.173066,2026-07-23 18:46:18.003456,0 days 00:07:26.830390,10.21539695234074,14.57488738658304,6,8,1,0.5877634179523724,53,2.2894286598690083,0.5725647748233423,5.088488924469459,COMPLETE
65,,,,,2026-07-23 18:39:11.228114,2026-07-23 18:41:45.504482,0 days 00:02:34.276368,20.255709447891135,14.432360226276547,6,8,1,0.9955241754014372,54,2.284958933103792,0.7127607689941328,2.1201293416998137,PRUNED
66,,,,,2026-07-23 18:39:59.390119,2026-07-23 18:44:27.489898,0 days 00:04:28.099779,20.590892519811412,14.83760400838599,1,8,1,1.0026372907538916,57,2.7015978894875596,0.550222350954668,5.149316507012973,PRUNED
67,96.15412950515747,0.8622265420854092,0.01218694742419757,5.677103415131569,2026-07-23 18:41:45.522165,2026-07-23 18:44:48.807115,0 days 00:03:03.284950,12.191915167705938,20.585239167533388,1,7,2,0.6078950660065106,29,2.720156060040385,0.5891942052321102,5.192500064217932,COMPLETE
68,94.89661455154419,0.7142006885260344,0.005951672574155964,8.996590964496136,2026-07-23 18:41:49.670057,2026-07-23 18:46:40.197433,0 days 00:04:50.527376,22.28944851605926,15.914738289386783,6,9,1,0.5912620170509215,44,2.60529471369549,0.5841823528013006,2.8047583317348836,COMPLETE
69,94.88561153411865,0.7296907715499401,0.005884602796868421,7.048990048468113,2026-07-23 18:44:27.510455,2026-07-23 18:48:14.861796,0 days 00:03:47.351341,22.253510769124244,16.033707353123184,6,9,1,0.5887865224704582,44,2.512913292722656,0.5592057199103253,2.880939726013439,COMPLETE
70,96.33377194404602,0.9540583938360214,0.011742257629521191,6.0533022955060005,2026-07-23 18:44:48.828945,2026-07-23 18:48:04.345532,0 days 00:03:15.516587,12.044986040316438,23.70511913078768,1,7,2,0.5942361575936116,46,2.861631736090798,0.586901860986303,2.9531425900152315,COMPLETE
71,96.00381255149841,0.7286399602890015,0.010372098768129945,5.040959767997265,2026-07-23 18:46:18.026177,2026-07-23 18:49:01.337936,0 days 00:02:43.311759,11.890957384585098,19.944919264511302,1,7,2,0.5136959542198286,16,2.8525447445567527,0.5926268787522951,3.3008842853259956,COMPLETE
72,68.68675947189331,3.4498095512390137,0.024712103186175227,9.797034606337547,2026-07-23 18:46:40.218878,2026-07-23 18:51:55.819031,0 days 00:05:15.600153,11.763960457859751,21.243738889844934,1,6,3,0.8118995707401379,64,2.9659572413445323,0.6374790515827597,3.521298101629878,COMPLETE
73,64.60991501808167,0.11079718824476004,0.005539859193959273,3.5835911333560944,2026-07-23 18:48:04.362628,2026-07-23 18:50:00.772067,0 days 00:01:56.409439,11.955953655731822,21.123112355076582,3,9,2,0.8193268485103351,18,1.7807299716550407,0.7701033907581556,3.1943565008382473,COMPLETE
74,67.84719228744507,9.565014392137527,0.18709073774516582,8.079902216792107,2026-07-23 18:48:14.881444,2026-07-23 18:52:35.041327,0 days 00:04:20.159883,11.81871470610617,20.589719827934577,3,7,2,0.8156620843099988,66,2.9420294423155267,0.7615184723396725,3.2369996215402277,COMPLETE
75,97.38964438438416,12.680688500404358,0.10732798837125301,7.389613032341003,2026-07-23 18:49:01.358460,2026-07-23 18:52:59.733159,0 days 00:03:58.374699,14.651912562516143,23.42143392903644,2,6,3,0.5257051481400081,17,2.9433568535223826,0.6444370734837487,3.347656362986623,COMPLETE
76,97.62428402900696,18.46902072429657,0.11672016698867083,14.390683218836784,2026-07-23 18:50:00.790882,2026-07-23 18:57:42.654391,0 days 00:07:41.863509,14.427877567673972,23.802624843035062,2,6,2,0.5163757822958728,65,3.104579824858269,0.6456452391183071,9.96262908583317,COMPLETE
77,96.92037105560303,7.186926901340485,0.10915648890659213,7.789163909852505,2026-07-23 18:51:55.838500,2026-07-23 18:56:07.575566,0 days 00:04:11.737066,16.29382572664268,23.3875419594673,2,7,3,0.3368210161333056,16,2.9975638119592203,0.534902124064077,2.3394969171718363,COMPLETE
78,51.05953812599182,2.2868383675813675,0.012294830230530351,2.067486308515072,2026-07-23 18:52:35.058134,2026-07-23 18:53:43.652694,0 days 00:01:08.594560,14.462929913796346,23.336203455848107,1,6,3,0.5107156946199952,15,2.505668572787009,1.1541855904539413,2.397637005325109,COMPLETE
79,92.25326180458069,0.10423000203445554,0.0,4.668155297636986,2026-07-23 18:52:59.752878,2026-07-23 18:55:31.939361,0 days 00:02:32.186483,16.255929655134203,4.401734835896541,1,9,3,0.4597609399152028,16,2.5032955914538624,0.6876416997703818,2.3396240725684057,COMPLETE
80,55.297696590423584,2.6935404166579247,0.043145957170054317,5.712703555822372,2026-07-23 18:53:43.675927,2026-07-23 18:56:48.083468,0 days 00:03:04.407541,16.20000644875874,28.649087829905376,2,7,3,0.7472814827353369,80,4.629581441231755,1.1669839232918666,4.276337577161452,COMPLETE
81,58.457982540130615,0.2263117115944624,0.011911142792087048,5.973745226860046,2026-07-23 18:55:31.961224,2026-07-23 18:58:51.029711,0 days 00:03:19.068487,16.543378107810174,3.5273694406369938,2,9,5,0.6764283100417892,15,4.534779314928514,1.154730399043538,4.341553371892528,COMPLETE
82,67.35225319862366,1.3499057851731777,0.10187968146055937,12.185595519840717,2026-07-23 18:56:07.595787,2026-07-23 19:02:40.827466,0 days 00:06:33.231679,25.322941635864865,28.620186928703795,2,9,4,0.7452755174227469,80,4.115224886980845,1.0052714739650837,4.3332120818775595,COMPLETE
83,58.69262218475342,0.0483150128275156,0.0,2.289293125271797,2026-07-23 18:56:48.102106,2026-07-23 18:58:02.816276,0 days 00:01:14.714170,14.511522762070683,4.955180217451838,1,9,5,0.7011222288352476,6,3.3118255036307174,0.9847588789786642,4.783420928314592,COMPLETE
84,88.85833621025085,9.21236053109169,0.01699697459116578,3.2422254532575607,2026-07-23 18:57:42.672129,2026-07-23 18:59:28.074370,0 days 00:01:45.402241,25.65640792916739,26.099470485456106,1,5,5,0.6640739442127964,7,4.391414565013818,0.7350195691066526,4.860629892613593,COMPLETE
85,61.339640617370605,0.15715948538854718,0.0,2.0264750942587852,2026-07-23 18:58:02.836397,2026-07-23 18:59:10.687078,0 days 00:01:07.850681,26.340736891062893,24.677990972383647,4,9,1,0.6992195512898312,5,2.09725341320276,0.9863677554000276,4.868461382596647,COMPLETE
86,,,,,2026-07-23 18:58:51.049051,2026-07-23 19:03:08.704462,0 days 00:04:17.655411,25.77807810190783,24.87912622759729,3,4,4,1.1592809707883993,7,3.302695360434793,0.9517470188486736,4.7035652081532096,PRUNED
87,,,,,2026-07-23 18:59:10.706094,2026-07-23 19:05:56.421901,0 days 00:06:45.715807,25.327043676513686,24.778177139588706,5,4,1,1.1311064793593317,34,4.12340676337231,0.9137428084584845,5.3740569650308965,PRUNED
88,64.1772985458374,0.11717441957443953,0.0,2.6139441281557083,2026-07-23 18:59:28.093167,2026-07-23 19:00:53.370978,0 days 00:01:25.277811,18.115157670915625,24.874297661605024,5,9,1,0.7302310802281414,11,1.8302632583563907,0.9419843317518328,4.045727550268381,COMPLETE
89,61.62194013595581,0.12559228343889117,0.011417479981901124,5.38474153727293,2026-07-23 19:00:53.391158,2026-07-23 19:03:47.203269,0 days 00:02:53.812111,13.186776817652323,21.881784000786375,5,9,4,0.6993781189610612,27,3.71732215197968,1.0594761882378616,4.558844464291527,COMPLETE
90,,,,,2026-07-23 19:02:40.850424,2026-07-23 19:06:45.436282,0 days 00:04:04.585858,26.69064511222795,25.012820530965595,4,9,1,1.1321163725623125,33,1.612080126321319,0.6856238060373185,5.423522067746892,PRUNED
91,71.00381255149841,0.46453545801341534,0.009990009857574478,7.45298008620739,2026-07-23 19:03:08.723041,2026-07-23 19:07:09.286465,0 days 00:04:00.563424,27.05946925056515,19.41460695485391,4,9,1,0.7844276558103662,33,2.102213348006668,0.6723467676470934,3.7066519496409276,COMPLETE
92,91.18272662162781,0.13498765183612704,0.0,6.347306065261364,2026-07-23 19:03:47.220366,2026-07-23 19:07:11.839677,0 days 00:03:24.619311,7.263256114891089,19.6792196697946,4,9,1,0.450930024847518,33,2.094414826983816,0.6640439498989968,8.519036637229384,COMPLETE
93,94.55198645591736,1.032741740345955,0.007649938925169408,5.524177424609661,2026-07-23 19:05:56.442328,2026-07-23 19:08:55.041512,0 days 00:02:58.599184,26.73519317575486,6.2288419441251754,4,9,1,0.4701932487732646,75,1.652980777732586,0.6661980833080534,3.9359108810497236,COMPLETE
94,,,,,2026-07-23 19:06:45.454124,2026-07-23 19:08:16.278927,0 days 00:01:30.824803,7.177436884980489,25.993451326002543,4,9,1,0.7888300138760655,24,1.3563284670854747,1.0964522408999935,3.648730189558094,PRUNED
95,94.5886492729187,1.2203722260892391,0.003917727735824883,14.100619681179523,2026-07-23 19:07:09.315109,2026-07-23 19:14:42.614282,0 days 00:07:33.299173,19.973725878495777,26.023862874788893,4,9,1,0.45967713482187206,72,1.385566655052867,0.38721529345027556,3.944212427948605,COMPLETE
96,,,,,2026-07-23 19:07:11.857151,2026-07-23 19:09:26.623337,0 days 00:02:14.766186,19.565726064680536,26.002176343874115,5,9,1,1.0552599539454137,75,1.420872018257415,0.7391945637044297,3.9940206810335726,PRUNED
97,54.00351881980896,28.612297773361206,0.042207943624816835,5.060379974544048,2026-07-23 19:08:16.298034,2026-07-23 19:14:04.442692,0 days 00:05:48.144658,5.069767680101021,17.32685248999253,5,5,1,0.8947676392151431,19,1.005425707054348,0.6203612288177508,3.973315995995871,COMPLETE
98,90.79410433769226,0.29762445483356714,0.003629566344898194,3.732799045741558,2026-07-23 19:08:55.070323,2026-07-23 19:10:56.079898,0 days 00:02:01.009575,13.001741668944117,24.22791281997455,5,9,1,0.415343675590029,10,1.0806365784054561,0.38715498263608733,6.958049329477287,COMPLETE
99,,,,,2026-07-23 19:09:26.643191,2026-07-23 19:11:47.305311,0 days 00:02:20.662120,12.71836837982234,13.047933822277646,5,9,1,0.9055033455780271,10,3.8659142755333993,0.39301522998917715,7.174587528084326,PRUNED
100,80.84030151367188,88.54725956916809,0.0032879132049856707,21.61361926794052,2026-07-23 19:10:56.099498,2026-07-23 19:22:29.441943,0 days 00:11:33.342445,18.419245353541903,12.6656611443338,5,5,1,0.674272306008368,70,2.852460280890799,0.6157864086554775,6.286831519321827,COMPLETE
101,85.88503003120422,84.70345139503479,0.0054663061746396124,18.576426595449448,2026-07-23 19:11:47.323684,2026-07-23 19:21:53.566978,0 days 00:10:06.243294,18.323146940437425,1.8149106111759625,5,5,1,0.6738828365305705,69,1.0028660226200476,0.6226459186306673,7.614380910815623,COMPLETE
102,78.03930044174194,0.12606934178620577,0.013507429684977978,7.014510028064251,2026-07-23 19:14:04.465006,2026-07-23 19:17:50.638375,0 days 00:03:46.173369,10.922837974493904,22.846282686777766,5,9,2,0.6748990823744775,30,3.521738563678693,0.8628128402924694,9.28613442768829,COMPLETE
103,91.77665114402771,0.1327014178968966,0.022748815536033362,8.332046024501324,2026-07-23 19:14:42.637168,2026-07-23 19:19:15.558279,0 days 00:04:32.921111,9.510686261791978,22.710394624686362,5,9,2,0.6638473515704396,39,2.861841482237569,0.6941615481798153,6.399535816614582,COMPLETE
104,94.02771592140198,0.16661565750837326,0.0,5.533514961600304,2026-07-23 19:17:50.656316,2026-07-23 19:20:51.306416,0 days 00:03:00.650100,15.563740002704456,10.236933745029724,3,9,1,0.6306325322634625,27,1.8805081084601523,0.601686138649923,4.973557032835288,COMPLETE
105,87.63748407363892,28.078937530517578,0.005399276415118948,5.221767269074917,2026-07-23 19:19:15.581671,2026-07-23 19:22:05.260523,0 days 00:02:49.678852,15.756753979200512,11.225010219902144,3,5,1,0.6306361241643803,25,1.9027824761389234,0.7937575731457939,5.011255207465944,COMPLETE
106,57.534098625183105,45.42163908481598,0.010054967424366623,2.2951869517564774,2026-07-23 19:20:51.324373,2026-07-23 19:22:06.260357,0 days 00:01:14.935984,18.4154722562788,21.62843284342697,4,5,1,0.7111025128699432,23,0.7082266017940757,1.0338203099179248,4.532608574482683,COMPLETE
107,62.340521812438965,4.291777312755585,0.005305039667291567,3.7207732126116753,2026-07-23 19:21:53.587490,2026-07-23 19:23:57.249292,0 days 00:02:03.661802,29.937330046106588,11.24488276843668,4,8,1,0.627698617200408,25,0.7340420345720216,1.0260127180201244,4.973134992610184,COMPLETE
108,51.62780284881592,0.049002451123669744,0.0,1.5436396151781082,2026-07-23 19:22:05.279236,2026-07-23 19:22:56.082438,0 days 00:00:50.803202,15.121845253076245,28.27507175805296,4,9,1,0.7224063967894964,5,0.6077433449144358,1.0284971388024624,4.561741135673684,COMPLETE
109,95.14225125312805,1.4432292431592941,0.005637614231090993,6.066806346178055,2026-07-23 19:22:06.280561,2026-07-23 19:25:23.298754,0 days 00:03:17.018193,29.951099865640206,28.150154847025046,3,9,1,0.569853669926509,36,2.0974168982346386,0.6045914445005084,3.491092664443348,COMPLETE
110,59.825485944747925,0.249231094494462,0.0053027892136015,2.997869186103344,2026-07-23 19:22:29.461887,2026-07-23 19:24:06.826202,0 days 00:01:37.364315,24.25072587759609,29.16083585095701,3,9,1,0.5674476836333109,46,2.107181680670208,1.1237391298865065,4.133503110574953,COMPLETE
111,78.98885607719421,0.07306603365577757,0.0,2.853314310312271,2026-07-23 19:22:56.100301,2026-07-23 19:24:29.911569,0 days 00:01:33.811268,15.093923682025354,29.0078786393315,3,9,1,0.730724585800145,14,0.6194342585666028,0.6013802569028623,4.181181038777022,COMPLETE
112,78.98152470588684,0.08225563215091825,0.0,4.041216559708118,2026-07-23 19:23:57.271455,2026-07-23 19:26:08.225056,0 days 00:02:10.953601,15.275399156604864,29.224921604424797,3,9,1,0.7310693629004943,46,0.5895599853356984,0.5924735046030045,3.5618806613539546,COMPLETE
113,86.80158257484436,0.09133178391493857,0.0,2.801365979015827,2026-07-23 19:24:06.845178,2026-07-23 19:25:37.749411,0 days 00:01:30.904233,15.112056034120819,27.879163198233567,3,9,1,0.6940000727306642,20,0.6050971899922091,0.6000099064527501,3.5617394402459386,COMPLETE
114,50.90555548667908,0.042462843703106046,0.0,1.7407281994819641,2026-07-23 19:24:29.931393,2026-07-23 19:25:29.035222,0 days 00:00:59.103829,16.702993830484626,26.719247964439578,4,9,2,0.6978519777299445,60,0.5736261432810978,1.0765567851295512,4.551654363809906,COMPLETE
115,73.23287725448608,0.0691187335178256,0.0,2.235466353595257,2026-07-23 19:25:23.318318,2026-07-23 19:26:36.565316,0 days 00:01:13.246998,16.73676742107495,26.593851502537795,4,9,1,0.7582271942802203,5,0.5192931773435239,0.5187758934830753,3.551624969461656,COMPLETE
116,95.02126574516296,2.3896489292383194,0.006190800195327029,2.501629061996937,2026-07-23 19:25:29.059551,2026-07-23 19:26:50.370957,0 days 00:01:21.311406,21.069152650175564,25.486010743128055,4,8,1,0.607128150216612,5,0.6757234982384404,0.5341387975658003,3.513381035319195,COMPLETE
117,60.74937582015991,0.5905976984649897,0.0,2.056095987558365,2026-07-23 19:25:37.773132,2026-07-23 19:26:44.890145,0 days 00:01:07.117013,15.858198888876842,8.772619803045433,4,8,1,0.8437158532259673,5,0.5062930882314033,0.7214754859210446,4.423954881205175,COMPLETE
118,94.10470724105835,0.5873509682714939,0.07341887103393674,8.72613923996687,2026-07-23 19:26:08.242324,2026-07-23 19:30:48.738789,0 days 00:04:40.496465,16.064632029766166,24.302908313701263,6,9,3,0.6497301104496281,35,0.5171679611890929,0.5399502701509505,8.717237109188263,COMPLETE
119,72.22466468811035,0.07491011056117713,0.0,2.3510900735855103,2026-07-23 19:26:36.584664,2026-07-23 19:27:53.051171,0 days 00:01:16.466507,15.896196879375426,25.3808450525132,4,9,1,0.7640116066643844,5,0.8428923716480203,0.5268779411268298,3.8006839593711224,COMPLETE
120,74.09077286720276,0.07302468293346465,0.0,2.698341093957424,2026-07-23 19:26:44.909413,2026-07-23 19:28:13.163566,0 days 00:01:28.254153,13.617981861525347,25.531264979748855,4,9,1,0.7561842452405194,8,0.8762377867151787,0.5227649613629776,2.9289397247298132,COMPLETE
121,95.09459137916565,52.823805809020996,0.11037210933864117,4.930469147861004,2026-07-23 19:26:50.388417,2026-07-23 19:29:29.610035,0 days 00:02:39.221618,21.10321400249192,25.411884838044376,4,7,2,0.6111758266841092,8,0.7777303524135216,0.5166930338085332,3.2455610680936533,COMPLETE
122,95.29256224632263,51.05312466621399,0.13054064474999905,4.5484940484166145,2026-07-23 19:27:53.072385,2026-07-23 19:30:20.454450,0 days 00:02:27.382065,20.84076679742183,26.994769665694132,4,7,2,0.6055022939538938,8,0.7897254770845765,0.5455168847160686,2.955825085061363,COMPLETE
123,95.97448110580444,11.726335436105728,0.21643070504069328,4.010370299220085,2026-07-23 19:28:13.182451,2026-07-23 19:30:23.759089,0 days 00:02:10.576638,23.11400741813666,27.019712123562115,4,8,2,0.6507630734307401,8,0.6866549906243571,0.5071845879978131,3.033011815113141,COMPLETE
124,95.80217003822327,9.025292843580246,0.1912399777211249,3.359781824052334,2026-07-23 19:29:29.631424,2026-07-23 19:31:20.208585,0 days 00:01:50.577161,22.488888861267718,26.9558235134685,4,8,2,0.6468695475045988,6,0.7308889103041085,0.5422934102896405,3.1724531408622982,COMPLETE
125,96.0294783115387,6.1173852533102036,0.19087004475295544,4.458083003759384,2026-07-23 19:30:20.475057,2026-07-23 19:32:44.545460,0 days 00:02:24.070403,17.525580157499498,24.144780136231525,4,8,2,0.6453686363122265,12,0.9513206754407717,0.5733443802151104,3.391309205158753,COMPLETE
126,95.19357681274414,34.125831723213196,0.006754246714990586,3.135656028985977,2026-07-23 19:30:23.778380,2026-07-23 19:32:06.437995,0 days 00:01:42.659615,24.73590483960062,23.593089324550952,4,7,1,0.5414508911730428,5,1.1512355037972943,0.46351754123991024,3.3203967137855988,COMPLETE
127,94.32467818260193,34.679487347602844,0.009082858014153317,4.111917689442635,2026-07-23 19:30:48.758298,2026-07-23 19:33:02.046159,0 days 00:02:13.287861,22.625429453521445,23.352605243199974,4,7,1,0.35579705097556413,5,1.1295519481657708,0.4562252470347431,3.336843464286366,COMPLETE
128,95.96714973449707,28.22871506214142,0.012659563799388707,2.6399562805891037,2026-07-23 19:31:20.225163,2026-07-23 19:32:46.104955,0 days 00:01:25.879792,22.861418969544296,26.410169563510287,4,7,1,0.5863210832799038,5,0.6854685803194251,0.5653065359501416,3.36748890726713,COMPLETE
129,95.39521932601929,40.85039496421814,0.007559054938610643,3.5361894369125366,2026-07-23 19:32:06.457207,2026-07-23 19:34:01.081394,0 days 00:01:54.624187,22.5867095527299,26.40175803569002,4,7,1,0.3158352689635442,12,0.6920559243754396,0.572335241813849,3.0991788915924046,COMPLETE
130,95.75084447860718,29.36020791530609,0.010028078395407647,3.360761769115925,2026-07-23 19:32:44.567658,2026-07-23 19:34:33.577204,0 days 00:01:49.009546,21.59793235037326,26.551470954389043,4,7,1,0.5766708912396166,6,0.6686235287865228,0.42953499106421483,3.1098219510676115,COMPLETE
131,91.5163516998291,52.109915018081665,0.006626856338698417,7.6530405431985855,2026-07-23 19:32:46.125269,2026-07-23 19:36:52.343775,0 days 00:04:06.218506,21.568375828632757,26.400298300521197,4,7,1,0.3266191525261468,51,0.6691513613945463,0.42803483513231827,3.7656132506314117,COMPLETE
132,95.50154209136963,37.566590309143066,0.0090953973995056,4.810797236859798,2026-07-23 19:33:02.062225,2026-07-23 19:35:38.224099,0 days 00:02:36.161874,21.24252928547329,26.393978776450577,4,7,1,0.3268240568866147,10,0.6838836443520901,0.5571789879928785,3.7258787066144325,COMPLETE
133,94.32834982872009,59.070515632629395,0.007064724923111498,3.84478572756052,2026-07-23 19:34:01.101908,2026-07-23 19:36:05.548118,0 days 00:02:04.446210,21.867329406738435,24.487653477477398,4,6,1,0.5817833578589067,7,0.9019077905726456,0.42915806022011727,3.656770594119823,COMPLETE
134,96.3594377040863,4.093355685472488,0.004255047679180279,2.728416070342064,2026-07-23 19:34:33.596981,2026-07-23 19:36:02.617049,0 days 00:01:29.020068,21.856767514626192,28.144295725727016,1,6,1,0.4920939390135364,10,0.8638883796059675,0.4889891692934878,3.7764220703370053,COMPLETE
135,95.9598183631897,3.485121950507164,0.00429996543971356,3.0856283009052277,2026-07-23 19:35:38.242280,2026-07-23 19:37:18.627697,0 days 00:01:40.385417,21.89134557150192,27.39228942735396,1,6,1,0.4911849798515683,7,0.9099125901162857,0.4909853895531612,3.6106469423574614,COMPLETE
136,95.91582417488098,2.7996862307190895,0.004357488433015533,2.413140758872032,2026-07-23 19:36:02.635763,2026-07-23 19:37:28.008058,0 days 00:01:25.372295,19.421262200141992,28.316571164384495,1,6,1,0.4896051017586775,9,0.5077189850421838,0.49575123064681675,4.204621235785937,COMPLETE
137,78.21894884109497,2.0006293430924416,0.0,2.5500395968556404,2026-07-23 19:36:05.567110,2026-07-23 19:37:28.485264,0 days 00:01:22.918154,19.554322664679475,28.076909734386543,1,6,1,0.7473436721923764,9,0.5623658960447648,0.48797900501891556,3.8865298954081595,COMPLETE
138,95.97081542015076,2.969704754650593,0.00427295635745395,2.4261693507432938,2026-07-23 19:36:52.362653,2026-07-23 19:38:11.237514,0 days 00:01:18.874861,19.902392383823234,28.3711640242037,1,6,1,0.48461223347365806,9,0.5206615376367856,0.48929725446289624,4.102967485249239,COMPLETE
139,,,,,2026-07-23 19:37:18.646099,2026-07-23 19:38:15.584127,0 days 00:00:56.938028,19.514638054128042,28.434663755162905,1,9,1,0.7157711132138289,9,0.5582226959677965,1.1206159063638919,4.107185612004568,PRUNED
140,75.54627060890198,0.03833069931715727,0.0,2.7048823162913322,2026-07-23 19:37:28.030033,2026-07-23 19:38:55.997029,0 days 00:01:27.966996,19.270172895003533,28.444752738127974,1,9,1,0.7452401354104362,10,0.5168937024552193,0.4736325891026821,4.298263193596914,COMPLETE
141,51.11820101737976,0.042532075894996524,0.0,1.5241742357611656,2026-07-23 19:37:28.504095,2026-07-23 19:38:18.518063,0 days 00:00:50.013968,19.055441324589314,28.475013392122207,1,9,1,0.7975771441047936,11,0.5509905863811541,0.9981300924763068,4.675482427808847,COMPLETE
142,51.04854106903076,0.028336638933978975,0.0,1.6877086460590363,2026-07-23 19:38:11.257167,2026-07-23 19:39:09.214794,0 days 00:00:57.957627,14.798278884521913,29.555697199662383,1,9,1,0.798463166994078,14,0.806968710995619,1.009050798508883,4.283342805039431,COMPLETE
143,68.84807348251343,0.05771854193881154,0.0,4.26364603638649,2026-07-23 19:38:15.603150,2026-07-23 19:40:35.227660,0 days 00:02:19.624510,16.84332708833586,29.623093389173583,1,9,1,0.7842702552614489,13,0.7970239591981645,0.47024675708010566,4.819292108040603,COMPLETE
144,64.57691788673401,0.055490818340331316,0.0,2.62420205026865,2026-07-23 19:38:18.537361,2026-07-23 19:39:44.650236,0 days 00:01:26.112875,16.934467705260893,29.53256569069966,1,9,1,0.6907545717569386,14,2.3930562293348627,0.9519270004830691,4.284630677011492,COMPLETE
145,96.26778364181519,3.3694591373205185,0.0018750468370853923,3.149693541228771,2026-07-23 19:38:56.016272,2026-07-23 19:40:38.109510,0 days 00:01:42.093238,17.755443687718973,29.50254874004262,1,6,1,0.43712498139321965,14,0.7851668475339098,0.47057564090285775,4.258270311976113,COMPLETE
146,96.10280394554138,4.0755268186330795,0.003648636266007088,2.908985085785389,2026-07-23 19:39:09.235455,2026-07-23 19:40:45.826931,0 days 00:01:36.591476,20.404262698732886,29.77194385950891,1,6,1,0.42273413817121663,11,0.7861745454830038,0.4672090289199229,4.83783062762723,COMPLETE
147,95.68851590156555,2.7864886447787285,0.002239942659798544,3.0254653319716454,2026-07-23 19:39:44.669047,2026-07-23 19:41:22.986644,0 days 00:01:38.317597,17.803847462398593,27.833247616866363,1,6,1,0.5031007822458006,11,0.5071894768605627,0.40625079881314896,4.799047315346195,COMPLETE
148,53.32159996032715,0.10525664547458291,0.0,2.114393934607506,2026-07-23 19:40:35.246146,2026-07-23 19:41:44.744444,0 days 00:01:09.498298,17.68638671182378,27.797321446791052,2,9,1,0.4316277079984302,11,0.5065441518341067,1.0385019785713905,5.276426891486292,COMPLETE
149,54.920077323913574,0.10026540840044618,0.0,1.7479918226599693,2026-07-23 19:40:38.127108,2026-07-23 19:41:40.937849,0 days 00:01:02.810741,16.41128490968872,27.48625918431484,2,9,1,0.41279587732261275,11,0.6219600403288943,1.034089918789044,4.924889174706787,COMPLETE
150,,,,,2026-07-23 19:40:45.843166,2026-07-23 19:41:41.283158,0 days 00:00:55.439992,17.765855974026366,27.620644828411777,2,9,1,0.7126574038450788,7,0.6233865024245402,1.078078348306888,5.142278047688255,PRUNED
151,,,,,2026-07-23 19:41:23.007264,2026-07-23 19:42:13.751167,0 days 00:00:50.743903,17.690079925905064,28.934386578781996,2,9,1,0.7171026718928181,7,0.6248642284272301,1.1951276381578668,5.211526848085525,PRUNED
152,96.25311493873596,3.5561051219701767,0.0038653317460557446,3.104246601462364,2026-07-23 19:41:40.958173,2026-07-23 19:43:22.364181,0 days 00:01:41.406008,17.27545511370457,27.585353757975305,1,6,1,0.3860890959720363,18,0.6171423515259605,0.5098030685677719,4.438850378720027,COMPLETE
153,96.25311493873596,3.466753289103508,0.0038138099625939503,3.088789716362953,2026-07-23 19:41:41.301166,2026-07-23 19:43:22.486497,0 days 00:01:41.185331,17.235211282477355,29.003200874152636,1,6,1,0.396477028941533,17,0.6396946581155936,0.5002130675028491,4.429989391172922,COMPLETE
154,96.2897777557373,3.8319308310747147,0.001998920561163686,4.452486336231232,2026-07-23 19:41:44.766994,2026-07-23 19:44:08.841294,0 days 00:02:24.074300,18.714897910148576,28.984224894378755,1,6,1,0.4736168889563257,17,0.6245891383282385,0.4472775649706621,4.444256814667098,COMPLETE
155,96.26411199569702,3.6379262804985046,0.0033700103813316673,3.600670725107193,2026-07-23 19:42:13.771809,2026-07-23 19:44:10.465993,0 days 00:01:56.694184,16.535760079464847,28.783639615485285,1,6,1,0.4025587167193518,16,1.029878094598954,0.44596370549795183,4.459967797973001,COMPLETE
156,96.18346095085144,3.406292572617531,0.005129959026817232,3.5245130732655525,2026-07-23 19:43:22.383709,2026-07-23 19:45:18.427769,0 days 00:01:56.044060,16.555825734555178,27.13999657085538,1,6,1,0.4116341904071881,16,0.7472344379967233,0.44154277552164445,4.602609430832515,COMPLETE
157,96.31910920143127,2.8946321457624435,0.002650762144185137,2.6155313327908516,2026-07-23 19:43:22.531397,2026-07-23 19:44:50.742476,0 days 00:01:28.211079,18.65019095519894,27.149684402156712,1,6,1,0.4735788353342544,13,0.8764254873747529,0.6319839974608056,4.546627542231635,COMPLETE
158,94.10837292671204,0.2517967950552702,0.0,7.480581223964691,2026-07-23 19:44:08.863472,2026-07-23 19:48:09.949015,0 days 00:04:01.085543,15.648509876998261,25.680061793702322,5,9,1,0.4439733918176467,28,2.194153740828725,0.6299141844395791,4.64386736641291,COMPLETE
159,71.95703387260437,0.06505529745481908,0.0,3.6870631501078606,2026-07-23 19:44:10.486266,2026-07-23 19:46:09.915444,0 days 00:01:59.429178,15.42547097821477,25.590579819514247,3,9,1,0.7716077813377894,27,0.8457536833989032,0.6318457906032261,4.6621159242479395,COMPLETE
160,56.63220286369324,0.051876186626031995,0.0,1.7388846725225449,2026-07-23 19:44:50.767194,2026-07-23 19:45:47.916643,0 days 00:00:57.149449,19.1843918193345,25.436820253533725,1,9,1,0.44116727722716437,10,0.747529979484899,1.0144438489171306,5.538559325878769,COMPLETE
161,61.49362325668335,0.04675081872846931,0.0,2.7820062935352325,2026-07-23 19:45:18.448519,2026-07-23 19:46:48.820306,0 days 00:01:30.371787,19.003731008698637,25.708413306116118,1,9,1,0.8306073524131885,10,2.1856288109389332,0.640482645768506,4.665284232776828,COMPLETE
162,54.839420318603516,0.04609812458511442,0.0,1.9557785093784332,2026-07-23 19:45:47.936532,2026-07-23 19:46:52.124371,0 days 00:01:04.187839,19.062736517558267,25.46776649878275,1,9,1,0.7682013561305467,13,0.8520798724118765,0.9983020466602831,5.92172273592542,COMPLETE
163,63.29007148742676,0.06425782339647412,0.0,2.2131695225834846,2026-07-23 19:46:09.935723,2026-07-23 19:47:22.100461,0 days 00:01:12.164738,18.358225425961006,25.03538477690212,1,9,1,0.44221069556314646,31,0.924812900945613,0.966648528370319,5.602077421969441,COMPLETE
164,51.89543962478638,0.034921077894978225,0.0,1.4575199037790298,2026-07-23 19:46:48.839013,2026-07-23 19:47:41.673538,0 days 00:00:52.834525,18.865092397836516,24.670706323543556,1,9,1,0.7393897278561413,13,0.5417444905145135,1.0032269312611581,3.8973011540728604,COMPLETE
165,58.82093906402588,0.06684898398816586,0.0,3.690009266138077,2026-07-23 19:46:52.145575,2026-07-23 19:48:51.494971,0 days 00:01:59.349396,18.608989797216697,24.638998951311436,1,9,1,0.7996706009927692,31,3.213153261467527,0.9395830932434974,3.9253393684927036,COMPLETE
166,61.33230924606323,0.0353585957782343,0.0,1.839500904083252,2026-07-23 19:47:22.120568,2026-07-23 19:48:22.468043,0 days 00:01:00.347475,20.048495205422324,24.539790476585956,1,9,1,0.7483642716907961,9,0.736544748678523,0.920257227859194,5.517118632319361,COMPLETE
167,74.63704347610474,0.038838721229694784,0.0,2.0263771414756775,2026-07-23 19:47:41.692472,2026-07-23 19:48:47.901164,0 days 00:01:06.208692,20.16988722253052,24.850967235513238,1,9,1,0.7510129508775532,9,0.5012853311247568,0.6566942569479105,4.230721996426356,COMPLETE
168,60.800701379776,0.02980626013595611,0.0,1.9150875136256218,2026-07-23 19:48:09.968364,2026-07-23 19:49:14.686427,0 days 00:01:04.718063,20.154215533420697,24.40030276133053,1,9,1,0.7460501362652513,8,0.5134383784714347,0.904555610451785,3.859950961882705,COMPLETE
169,63.81434202194214,0.034058012533932924,0.0,1.8062087520956993,2026-07-23 19:48:22.486519,2026-07-23 19:49:21.498279,0 days 00:00:59.011760,20.523380772790787,24.057587756233165,1,9,1,0.7397927521300537,22,0.5068343354412034,0.8866221017087478,5.474383024900608,COMPLETE
170,82.91171789169312,26.377230882644653,0.1359498710371554,7.089920938014984,2026-07-23 19:48:47.920111,2026-07-23 19:52:36.714709,0 days 00:03:48.794598,20.04720680464247,24.298368916116402,2,4,5,0.7392639644800408,13,4.866302538176732,0.6538598792924806,4.115129899863778,COMPLETE
171,81.50755167007446,47.21420109272003,0.13474494917318225,18.502466596662998,2026-07-23 19:48:51.514160,2026-07-23 19:58:49.027921,0 days 00:09:57.513761,20.46122794185836,23.096822431719712,2,4,5,0.7495681876808727,62,4.6838935921604365,0.6795972507089099,4.165331652050329,COMPLETE
172,,,,,2026-07-23 19:49:14.707840,2026-07-23 19:54:29.986400,0 days 00:05:15.278560,20.62500509911796,22.83184470495334,2,4,5,1.095899152069339,13,4.790136907856116,0.6530137026423708,4.124002057447744,PRUNED
173,,,,,2026-07-23 19:49:21.516028,2026-07-23 19:51:07.472028,0 days 00:01:45.956000,21.066938017206937,23.767920754997185,1,9,5,1.103211218672288,23,0.7098262138809869,0.6722531591731927,4.171004962482462,PRUNED
174,81.2142550945282,0.1976029947400093,0.0,5.795184701681137,2026-07-23 19:51:07.493138,2026-07-23 19:54:19.045020,0 days 00:03:11.551882,20.642242699509136,22.926310627102303,1,9,4,0.7325848556496052,21,4.290054230195684,0.6528376875845987,4.115466807890726,COMPLETE
175,88.7080192565918,0.12034176615998149,0.0,3.136306256055832,2026-07-23 19:52:36.733126,2026-07-23 19:54:20.958384,0 days 00:01:44.225258,20.847754376278758,22.70145204827272,1,9,4,0.6829234209024198,21,0.597467540061665,0.6997762537065071,6.02882373280703,COMPLETE
176,76.52515172958374,5.378232523798943,0.021951968665234745,3.312892086803913,2026-07-23 19:54:19.064528,2026-07-23 19:56:06.570577,0 days 00:01:47.506049,20.916340391972447,6.288706065781122,1,4,4,0.7693354072637072,26,0.5834085087670501,0.6919799646286869,6.040338326613607,COMPLETE
177,,,,,2026-07-23 19:54:20.978031,2026-07-23 19:57:41.439932,0 days 00:03:20.461901,19.701982050866036,7.360673992367947,1,4,3,0.9615103940697425,26,4.7041422702461855,0.8378852752448518,8.122523726763937,PRUNED
178,,,,,2026-07-23 19:54:30.008388,2026-07-23 19:56:32.769599,0 days 00:02:02.761211,19.71116808395511,23.676257740010307,1,9,3,1.1967649431959078,26,0.686863176938801,0.6891380201632259,3.95290709688794,PRUNED
179,,,,,2026-07-23 19:56:06.591910,2026-07-23 19:59:29.748171,0 days 00:03:23.156261,19.586636069697626,23.474952211392303,1,9,3,1.0387601536425088,28,4.703395604080995,0.8806667586305469,8.269402246346589,PRUNED
180,,,,,2026-07-23 19:56:32.789230,2026-07-23 19:58:27.427331,0 days 00:01:54.638101,19.52698750508328,13.880490455013236,1,9,3,0.9394137875737487,62,0.5195060168582007,0.6654674134053975,4.374207101215485,PRUNED
181,83.17568302154541,0.09100758470594883,0.0,2.392445757985115,2026-07-23 19:57:41.458444,2026-07-23 19:59:00.144073,0 days 00:01:18.685629,20.521741540584312,23.934867118332523,1,9,2,0.7144679963334917,62,0.5057456741722987,0.6749073938840525,4.252982972674542,COMPLETE
182,73.58850240707397,0.11518525425344706,0.0,6.750585876405239,2026-07-23 19:58:27.446464,2026-07-23 20:02:05.162161,0 days 00:03:37.715697,20.325366720890827,24.867293922317184,1,9,2,0.706318629496084,29,3.9300674023622078,0.8764293894433559,4.2729430629675145,COMPLETE
183,70.17524838447571,0.13848994858562946,0.0,3.403148241341114,2026-07-23 19:58:49.049633,2026-07-23 20:00:40.763220,0 days 00:01:51.713587,20.253142307626646,21.972123245832606,1,9,2,0.786054392697242,24,0.501850216860205,0.6226391886680531,7.843007993672437,COMPLETE
184,73.24388027191162,0.044503781828098,0.0,2.0870199874043465,2026-07-23 19:59:00.161256,2026-07-23 20:00:08.736072,0 days 00:01:08.574816,20.209407791713716,22.158514604184138,1,9,1,0.7143399023943404,19,0.5054830420734878,0.8099589130600919,6.4935340792738305,COMPLETE
185,83.44698548316956,0.10641920380294323,0.0,6.978814817965031,2026-07-23 19:59:29.767535,2026-07-23 20:03:14.811332,0 days 00:03:45.043797,20.28717099886308,21.7857678097694,1,9,1,0.7092194794557972,56,4.003231051800632,0.716948706156575,4.273582399223765,COMPLETE
186,69.5666491985321,0.05712208803743124,0.0,2.891947165131569,2026-07-23 20:00:08.755338,2026-07-23 20:01:43.101335,0 days 00:01:34.345997,21.396140689097344,24.91696141942722,1,9,1,0.7825335077923693,68,0.7556690323526295,0.7306007618340185,5.712789134457065,COMPLETE
187,82.65141248703003,0.0612155650742352,0.0,1.9108805656433105,2026-07-23 20:00:40.782372,2026-07-23 20:01:43.311947,0 days 00:01:02.529575,21.54542927629317,10.122698667324382,1,9,1,0.704362416811273,68,0.7506628608771874,0.721040434411783,2.5438284136776166,COMPLETE
188,80.32336235046387,0.10184200946241617,0.0,3.6229898631572723,2026-07-23 20:01:43.123039,2026-07-23 20:03:41.385208,0 days 00:01:58.262169,18.943122899666687,3.1902169918337595,1,9,2,0.7312620163735385,15,2.4962730983952977,0.7061799659978354,4.315202281862402,COMPLETE
189,92.06628799438477,46.39509916305542,0.08589917561039329,11.537572979927063,2026-07-23 20:01:43.331889,2026-07-23 20:07:54.201659,0 days 00:06:10.869770,22.012118100311632,3.590394897309129,2,5,4,0.6695396134505522,77,4.97718144078825,0.7472554765140252,2.582115977758815,COMPLETE
190,,,,,2026-07-23 20:02:05.182379,2026-07-23 20:04:29.850247,0 days 00:02:24.667868,21.990425156928453,5.370486771968233,2,5,4,1.1676398132726855,72,0.965124183072643,0.7594926910764358,2.5035720516122373,PRUNED
191,,,,,2026-07-23 20:03:14.828902,2026-07-23 20:07:52.018384,0 days 00:04:37.189482,21.90844215026048,10.101891058284641,2,5,4,1.1688309132211596,74,3.47584226458127,0.7487688931739638,2.5265660592855537,PRUNED
192,,,,,2026-07-23 20:03:41.403224,2026-07-23 20:05:28.511395,0 days 00:01:47.108171,23.762680249914773,8.534794130592942,2,5,4,1.166764996623173,73,0.907743599299578,0.7495965696209946,2.5126690033507844,PRUNED
193,92.5832211971283,46.133992075920105,0.07971152081154287,13.015279181301594,2026-07-23 20:04:29.867875,2026-07-23 20:11:28.637829,0 days 00:06:58.769954,23.614349273428083,9.89297597028912,2,5,4,0.6657790937824799,74,3.490582285343393,0.7443553109731813,2.7421396205277286,COMPLETE
194,87.0032250881195,0.23361612111330032,0.0,2.519348330795765,2026-07-23 20:05:28.530558,2026-07-23 20:06:51.217148,0 days 00:01:22.686590,6.561742753187774,10.274608329506588,2,8,3,0.6649761153238056,76,1.0520460646038128,0.7249720351961627,2.2809177858057295,COMPLETE
195,83.06936621665955,0.2978850156068802,0.004255500243743882,5.636749908328056,2026-07-23 20:06:51.235515,2026-07-23 20:09:53.989196,0 days 00:03:02.753681,22.07326896150103,10.024653544653795,2,9,1,0.6897592745762369,78,3.3791720810183143,0.7804710270170847,2.7338336351984633,COMPLETE
196,79.97873425483704,0.084647600306198,0.0,5.524526059627533,2026-07-23 20:07:52.036560,2026-07-23 20:10:50.754287,0 days 00:02:58.717727,9.027968989505066,9.373088077105251,2,9,1,0.6817087204937233,59,3.7448653177097873,0.7830525082659335,2.7423419482287907,COMPLETE
197,78.88253331184387,0.08148483466356993,0.0,4.765793934464455,2026-07-23 20:07:54.222135,2026-07-23 20:10:28.029509,0 days 00:02:33.807374,7.886016825795371,16.671989892954432,6,9,1,0.6894467915271182,79,3.7633369125476666,0.775137050825808,2.1520041423280816,COMPLETE
198,82.63674974441528,0.31307630706578493,0.012866148608736694,4.595589429140091,2026-07-23 20:09:54.006932,2026-07-23 20:12:23.763439,0 days 00:02:29.756507,8.073844119623155,7.876433037884115,2,8,3,0.6863621725144097,51,2.8066000361032266,0.769387561275234,2.280294097286285,COMPLETE
199,96.07347249984741,11.757276952266693,0.25461879558861256,10.314275905489922,2026-07-23 20:10:28.047817,2026-07-23 20:15:59.555675,0 days 00:05:31.507858,23.289900496403185,8.082118379122651,2,8,3,0.5302028414483679,59,0.8316146735705454,0.3536696907705478,2.370506417600059,COMPLETE
200,92.75920391082764,25.960072875022888,0.18701094668358564,8.220720931887627,2026-07-23 20:10:50.771476,2026-07-23 20:15:16.596394,0 days 00:04:25.824918,23.1301480961575,15.26904216249422,3,8,3,0.36919509498193537,65,2.59491059426698,0.7288713710755605,2.2599692382761654,COMPLETE
201,96.3411033153534,6.265229731798172,0.34056545700877905,25.591775596141815,2026-07-23 20:11:28.655530,2026-07-23 20:25:15.622375,0 days 00:13:46.966845,11.211685200241252,15.464624196844422,3,8,3,0.6303688139207719,52,2.8082431942003807,0.36317242544861233,2.3634938121065403,COMPLETE
202,91.31837487220764,1.476326398551464,0.06988527020439506,6.21661539375782,2026-07-23 20:12:23.781117,2026-07-23 20:15:45.987030,0 days 00:03:22.205913,21.474798106348967,15.271240553344668,3,9,3,0.527179821447451,53,2.6047526280500652,0.7282857307854252,2.3853836751473665,COMPLETE
203,90.54480195045471,0.17014304175972939,0.0,5.002375401556492,2026-07-23 20:15:16.611413,2026-07-23 20:17:58.037252,0 days 00:02:41.425839,21.46331203878994,11.798671636573875,1,9,1,0.5178446328668217,54,4.426997648705743,0.7097972757579899,2.000770435374707,COMPLETE
204,90.93708992004395,0.6421740166842937,0.011024446575902402,4.559483826160431,2026-07-23 20:15:46.003241,2026-07-23 20:18:13.597607,0 days 00:02:27.594366,27.958807080944766,12.067542699487761,1,9,5,0.46298504098269483,58,1.6827742429569188,0.7195072491945101,2.878739829077457,COMPLETE
205,83.59363675117493,0.044419767800718546,0.0,4.574368432164192,2026-07-23 20:15:59.572562,2026-07-23 20:18:27.354940,0 days 00:02:27.782378,5.731527189300632,12.0527349202032,1,9,5,0.4657667450493438,42,3.091051153325998,0.7111234697364327,2.856065368198607,COMPLETE
206,62.01055645942688,24.89372342824936,0.02917395904660225,7.38879257440567,2026-07-23 20:17:58.054199,2026-07-23 20:21:55.896993,0 days 00:03:57.842794,28.099907752356195,18.646154606892125,1,6,5,0.8695826745453055,69,2.987347036210875,0.7047197229992324,2.9006136289384292,COMPLETE
207,93.12582612037659,1.7879724502563477,0.0,4.114712990820408,2026-07-23 20:18:13.617579,2026-07-23 20:20:28.424312,0 days 00:02:14.806733,11.153388226815753,13.006734362381806,1,6,1,0.6239819023902846,46,0.8039942710343632,0.7021332585211395,9.912373312356138,COMPLETE
208,52.44537591934204,2.074243128299713,0.0,4.720902845263481,2026-07-23 20:18:27.372118,2026-07-23 20:20:59.874530,0 days 00:02:32.502412,6.570309194253728,10.829593242016223,1,6,2,0.9096970275258622,45,1.0668211047390619,0.70345422185152,9.459288759259746,COMPLETE
209,68.71975660324097,0.03688092692755163,0.0,2.870411902666092,2026-07-23 20:20:28.441590,2026-07-23 20:22:04.469701,0 days 00:01:36.028111,6.347321963976758,6.898688240866244,1,9,2,0.7039811372722852,49,1.0458662756745252,0.8200577944525441,2.598864852834787,COMPLETE
210,,,,,2026-07-23 20:20:59.890757,2026-07-23 20:22:38.138279,0 days 00:01:38.247522,28.704932391276756,17.92270994083139,1,9,2,1.0641670590652983,50,0.9946465043739898,0.7297854422199292,2.5527196087393937,PRUNED
211,,,,,2026-07-23 20:21:55.913233,2026-07-23 20:23:19.258027,0 days 00:01:23.344794,22.42523736748653,1.316227649474964,1,9,2,1.067483063507131,41,1.0112716932785255,0.7350619582510894,2.698994518707079,PRUNED
212,,,,,2026-07-23 20:22:04.485995,2026-07-23 20:24:38.938786,0 days 00:02:34.452791,21.37580159041521,17.789588793444917,1,9,2,1.0674671141227214,71,1.919085346412432,0.7327536228510105,2.36716323484884,PRUNED
213,,,,,2026-07-23 20:22:38.156219,2026-07-23 20:23:33.491699,0 days 00:00:55.335480,22.63838758403755,1.2743387442875012,1,7,2,0.9682630086425439,67,1.5293412349040834,1.1272725126708831,2.199377990384918,PRUNED
214,73.5335111618042,1.0547512210905552,0.0047943234676495194,2.6243520453572273,2026-07-23 20:23:19.274073,2026-07-23 20:24:44.978074,0 days 00:01:25.704001,22.5527909389275,13.556568231073129,1,7,2,0.7258803351008865,67,1.889210312147994,0.8505660958996899,2.2551519950819254,COMPLETE
215,92.33758449554443,11.985667794942856,0.03044425102416426,10.043909318745136,2026-07-23 20:23:33.507227,2026-07-23 20:28:56.840353,0 days 00:05:23.333126,21.051708614583386,14.064170830775645,1,4,3,0.5022063323042779,64,3.136044884046305,0.7596444626320695,7.215835121077781,COMPLETE
216,87.241530418396,3.2590188086032867,0.003959925379604101,4.592865705490112,2026-07-23 20:24:38.957663,2026-07-23 20:27:07.983055,0 days 00:02:29.025392,5.052310140781685,4.73961793999283,1,4,3,0.6689010759891301,42,0.7963806607754663,0.682596522698753,6.692229070076302,COMPLETE
217,79.68910336494446,3.182586655020714,0.0,1.9287502020597458,2026-07-23 20:24:44.994633,2026-07-23 20:25:48.295326,0 days 00:01:03.300693,21.07185930120682,16.612849329281925,1,4,3,0.7022044674701556,64,0.7410204987255552,0.794594652443587,2.4630908408936514,COMPLETE
218,95.12758255004883,4.2098551988601685,0.0,4.979031927883625,2026-07-23 20:25:15.638373,2026-07-23 20:27:57.690361,0 days 00:02:42.051988,21.057146008972026,16.459313625174325,1,4,1,0.49394131147317916,47,0.7900178317398072,0.6880709288876059,7.501193193118153,COMPLETE
219,78.81653904914856,0.0550635508261621,0.0,3.643837057054043,2026-07-23 20:25:48.311035,2026-07-23 20:27:46.678683,0 days 00:01:58.367648,9.818170077620113,14.331364121794339,1,9,1,0.7235924389611761,47,0.8252742726781348,0.6854028018804086,7.155974636982867,COMPLETE
220,93.53277683258057,7.4830301105976105,0.005452116965898313,5.203587613999844,2026-07-23 20:27:08.001640,2026-07-23 20:29:56.214328,0 days 00:02:48.212688,27.37955701520745,5.555152028569907,1,5,1,0.49774229941565,76,0.8814823308089275,0.7160883130654722,7.220218870594602,COMPLETE
221,,,,,2026-07-23 20:27:46.697018,2026-07-23 20:28:34.232847,0 days 00:00:47.535829,21.103909555294397,20.270793335186763,1,5,1,0.49935382481775437,43,0.8932846080579616,1.177027626092075,2.7986836923949263,PRUNED
222,90.37615656852722,0.18583460478112102,0.0,6.5683659464120865,2026-07-23 20:27:57.706546,2026-07-23 20:31:30.056323,0 days 00:03:32.349777,21.746098116347817,2.2826650375506397,1,9,1,0.4846200359834911,76,3.1449500229087994,0.715228510396549,2.665061440091535,COMPLETE
223,93.0525004863739,0.21242927759885788,0.0,8.282561287283897,2026-07-23 20:28:34.251023,2026-07-23 20:33:00.877034,0 days 00:04:26.626011,21.888587195514134,5.899288846321884,1,9,1,0.4804835864652386,38,1.2215697005982151,0.30538600755994105,8.89518957104676,COMPLETE
224,80.53966760635376,0.08718050085008144,0.0,3.4727778658270836,2026-07-23 20:28:56.859263,2026-07-23 20:30:50.240048,0 days 00:01:53.380785,5.5397907292451585,5.577901312354673,1,9,1,0.4772439931509917,38,2.379364101044019,0.7180803001520593,2.6689480645077635,COMPLETE
225,86.5779459476471,0.16388701042160392,0.0,4.933138318359852,2026-07-23 20:29:56.232080,2026-07-23 20:32:35.899181,0 days 00:02:39.667101,21.924328542424345,2.430550453266905,1,9,1,0.4759372724605892,61,2.4205905115261785,0.7524959729058681,2.626478207586879,COMPLETE
226,,,,,2026-07-23 20:30:50.258081,2026-07-23 20:33:30.932014,0 days 00:02:40.673933,21.788406464081888,2.152308042217685,1,9,1,0.9901441099581878,80,1.2002645508463063,0.7478628141163947,8.657636615069855,PRUNED
227,55.07039427757263,0.0852012075483799,0.0,2.6618567556142807,2026-07-23 20:31:30.074963,2026-07-23 20:32:57.561505,0 days 00:01:27.486542,29.29026297662454,4.168203435941654,1,9,1,0.6988379768607588,57,0.6913169000249654,1.0635799991817343,7.784636781649304,COMPLETE
228,,,,,2026-07-23 20:32:35.916643,2026-07-23 20:34:02.686226,0 days 00:01:26.769583,24.155635440541133,13.378923219732133,1,6,1,1.019635397332774,70,0.6929661416710913,1.090790219983437,7.793924747478916,PRUNED
229,,,,,2026-07-23 20:32:57.579630,2026-07-23 20:35:59.910111,0 days 00:03:02.330481,12.674644215526742,10.68058230132673,1,6,1,0.986019523174557,71,0.7529303839846931,0.6980675647465957,9.918139145786455,PRUNED
230,92.3449158668518,0.23183338344097137,0.0,4.907209798693657,2026-07-23 20:33:00.895988,2026-07-23 20:35:39.572507,0 days 00:02:38.676519,21.440122099757417,13.076749966676017,6,9,1,0.6603965605927601,55,0.7600286080854234,0.6942655193464659,9.137802635783565,COMPLETE
231,,,,,2026-07-23 20:33:30.949208,2026-07-23 20:34:23.318486,0 days 00:00:52.369278,21.416956174492217,13.064676817630403,6,6,1,0.731652678139672,55,0.7018216175100083,1.1494200740151346,2.4532855219204106,PRUNED
232,92.19827055931091,69.11112070083618,0.011353701847838238,9.070703864097595,2026-07-23 20:34:02.704208,2026-07-23 20:38:55.874770,0 days 00:04:53.170562,11.19974515406739,10.721936185841582,6,6,1,0.6545020301766504,44,0.7386597250272895,0.6947331495992238,8.41592725521484,COMPLETE
233,77.66168117523193,0.0851636053994298,0.0,6.725865975022316,2026-07-23 20:34:23.334982,2026-07-23 20:38:00.684692,0 days 00:03:37.349710,22.26751385582422,10.88350373066879,1,9,1,0.6591301644436431,44,4.222354913276386,0.9034551320837481,9.906407270217208,COMPLETE
234,71.5280830860138,0.07457492174580693,0.0,4.333323188126087,2026-07-23 20:35:39.589173,2026-07-23 20:38:02.711781,0 days 00:02:23.122608,22.443010292324104,11.149420631966724,1,9,1,0.6919898927028794,47,4.063975935459437,0.8939029593126209,3.0351393037591174,COMPLETE
235,82.99604058265686,0.04334445984568447,0.0,3.0507828816771507,2026-07-23 20:35:59.926921,2026-07-23 20:37:39.600587,0 days 00:01:39.673666,13.544307406249093,16.230513911383838,1,9,5,0.6948511319302308,47,0.8211899985998874,0.7382534047763817,2.932162073599218,COMPLETE
236,,,,,2026-07-23 20:37:39.619069,2026-07-23 20:42:45.197840,0 days 00:05:05.578771,24.85243293893129,16.011038245499638,1,9,1,1.1161471980696627,45,4.237070896475709,0.5884847414842469,3.0231033843774346,PRUNED
237,82.21513628959656,0.06596596213057637,0.0,1.9096507877111435,2026-07-23 20:38:00.702604,2026-07-23 20:39:05.784426,0 days 00:01:05.081822,20.848178070774615,16.16443445770834,1,9,1,0.694759212229133,48,0.6481845927872059,0.7394077604141135,3.1032144012477803,COMPLETE
238,82.95204639434814,1.5754418447613716,0.0,1.6232709363102913,2026-07-23 20:38:02.729145,2026-07-23 20:38:57.735672,0 days 00:00:55.006527,18.02857751755596,16.507239779454757,1,5,1,0.7168939564817552,46,0.6243956122992171,0.7274774650194833,2.040623377729519,COMPLETE
239,90.49714207649231,4.394089803099632,0.012820101983379573,4.761127673089504,2026-07-23 20:38:55.891975,2026-07-23 20:41:29.969762,0 days 00:02:34.077787,18.489999918438404,16.167733521237263,1,5,4,0.5539943460952433,47,0.630344266321579,0.7398641152310333,7.541133741004938,COMPLETE
240,80.35269379615784,2.1939197555184364,0.0,1.739797942340374,2026-07-23 20:38:57.752975,2026-07-23 20:39:54.936013,0 days 00:00:57.183038,18.123954297355766,16.312414928231224,1,5,4,0.7233971470984067,47,0.6278069363364877,0.7647535186345759,2.0462568261414367,COMPLETE
241,79.92740869522095,2.2146208211779594,0.0,1.70922040194273,2026-07-23 20:39:05.801400,2026-07-23 20:40:01.825873,0 days 00:00:56.024473,17.928049910352314,17.249352134518784,1,5,4,0.7320221204290636,46,0.6217921445396246,0.7592532787176254,2.001196017951619,COMPLETE
242,78.8532018661499,1.5458589419722557,0.0,1.6064246147871017,2026-07-23 20:39:54.953392,2026-07-23 20:40:48.279567,0 days 00:00:53.326175,17.915507509040772,17.114935972100213,1,5,1,0.7398079329486246,45,0.6248643972617078,0.7342261652167534,2.0199776465507737,COMPLETE
243,88.56503963470459,1.9482174888253212,0.0,1.5935206562280655,2026-07-23 20:40:01.845128,2026-07-23 20:40:54.340128,0 days 00:00:52.495000,18.454878463721826,19.269914132386592,1,5,1,0.5421388587059426,45,0.6100442794289254,0.7318069192553346,2.080818874146118,COMPLETE
244,96.07347249984741,2.3305436596274376,0.0,1.9819071367383003,2026-07-23 20:40:48.296479,2026-07-23 20:41:53.113502,0 days 00:01:04.817023,18.5415163450248,15.806102502138767,1,5,1,0.5512469071821351,46,0.59012282330218,0.5922896295474317,2.0751046797860084,COMPLETE
245,96.65639996528625,4.89911288022995,0.005186990892980248,2.557902507483959,2026-07-23 20:40:54.357027,2026-07-23 20:42:17.701031,0 days 00:01:23.344004,18.753822445169998,19.07996743900424,1,5,5,0.5650244242414407,35,0.612006667045235,0.5641311180548414,2.1705970128827112,COMPLETE
246,97.51062989234924,10.399087518453598,0.03648802812676877,8.588342174887657,2026-07-23 20:41:29.988117,2026-07-23 20:46:07.178303,0 days 00:04:37.190186,18.629178700123813,20.398984938184498,1,4,5,0.5452675481013151,40,2.6903153163009828,0.5871930367717263,2.153601107813879,COMPLETE
247,97.45930433273315,29.509589076042175,0.0690717832185328,7.411307528614998,2026-07-23 20:41:53.133196,2026-07-23 20:45:52.093503,0 days 00:03:58.960307,18.687322826155498,15.662561265417704,2,5,2,0.5433870012632286,49,2.7026409032773704,0.5865551813395211,2.2232220618822747,COMPLETE
248,96.59041166305542,4.245130717754364,0.0026901969249593094,2.43426962941885,2026-07-23 20:42:17.719039,2026-07-23 20:43:37.169646,0 days 00:01:19.450607,18.58065930092941,19.080477904737037,1,5,5,0.5672939177444253,43,0.600728818730267,0.5873220923180743,2.1901690217091194,COMPLETE
249,96.5977430343628,4.321210086345673,0.005144297392689623,3.176320217549801,2026-07-23 20:42:45.215056,2026-07-23 20:44:28.836314,0 days 00:01:43.621258,18.74705001275055,19.328613002162623,1,5,5,0.5433048031260109,50,0.5802319818581602,0.5802359256729276,2.1740367388803516,COMPLETE
250,96.5940773487091,4.109659790992737,0.00775895532569848,2.3788061141967773,2026-07-23 20:43:37.186912,2026-07-23 20:44:54.625574,0 days 00:01:17.438662,18.515327035420533,18.947977253206766,1,5,5,0.5459617180986444,49,0.5739234473883374,0.579749776934541,2.145193622138167,COMPLETE
251,96.04047536849976,2.285052463412285,0.0,2.5629885867238045,2026-07-23 20:44:28.854942,2026-07-23 20:45:52.779224,0 days 00:01:23.924282,18.394986894280006,18.934853604450858,1,5,1,0.5621861088587773,44,0.582397996418443,0.5953423372790829,2.1715879841933194,COMPLETE
252,96.01847529411316,2.259676158428192,0.0,1.9347543567419052,2026-07-23 20:44:54.644285,2026-07-23 20:45:58.570970,0 days 00:01:03.926685,18.37645253912543,18.837069420712915,1,5,1,0.5631364983476639,43,0.5831820920919764,0.6050738579813064,2.1672828952656498,COMPLETE
253,95.59686183929443,1.672060415148735,0.0029965240173623897,2.4554921984672546,2026-07-23 20:46:22.743860,2026-07-23 20:47:45.449787,0 days 00:01:22.705927,13.459759084065716,19.99342272305092,1,5,1,0.5735907491050876,40,0.5730887629942951,0.6140169901959274,2.2015020094034665,COMPLETE
254,95.61886191368103,1.7011724412441254,0.0029534245186368935,1.8772751912474632,2026-07-23 20:46:22.763204,2026-07-23 20:47:26.078309,0 days 00:01:03.315105,13.776596373922823,19.928063157846434,1,5,1,0.5646791454228416,43,0.5791330757079594,0.6123002728174639,2.146266304454106,COMPLETE
255,96.70772552490234,3.306521102786064,0.002783266972983256,4.4390173479914665,2026-07-23 20:46:22.779955,2026-07-23 20:48:47.915602,0 days 00:02:25.135647,13.454638331573575,19.707693301660374,1,5,1,0.5678237156191314,40,2.8617748752628978,0.6108142099284302,2.1651148313923048,COMPLETE
256,97.08168506622314,5.55480420589447,0.0027043837690143846,6.086615368723869,2026-07-23 20:46:22.807202,2026-07-23 20:49:41.660451,0 days 00:03:18.853249,18.177200481062645,20.328614262762233,1,5,1,0.5656003629137432,42,2.760675114230196,0.6196614186620353,2.2496624700379773,COMPLETE
257,95.63719034194946,1.6623489558696747,0.00616827019257471,1.9012358412146568,2026-07-23 20:47:26.102453,2026-07-23 20:48:28.684677,0 days 00:01:02.582224,13.652440400630752,20.16323584380761,1,5,1,0.5941441402293524,40,0.5909423495990351,0.6145141493201092,2.1529077964225234,COMPLETE
258,95.64085602760315,1.6970697790384293,0.006356067024171352,2.4639378637075424,2026-07-23 20:47:45.470859,2026-07-23 20:49:08.296210,0 days 00:01:22.825351,13.922787475339558,19.685480699788656,1,5,1,0.5962877997291085,43,0.6578201661160898,0.6377911546227314,2.121168576905683,COMPLETE
259,95.62985897064209,1.7550576478242874,0.0029447273846017197,2.0009523779153824,2026-07-23 20:48:28.706714,2026-07-23 20:49:36.346192,0 days 00:01:07.639478,12.780584695709711,19.59305617974603,1,5,1,0.5315822922689195,43,0.6689935822320123,0.629859119122334,2.3091625834559224,COMPLETE
260,96.61240577697754,3.0843984335660934,0.002640752063598484,4.636239029467106,2026-07-23 20:48:47.936402,2026-07-23 20:51:18.182543,0 days 00:02:30.246141,12.436984637302197,18.334304025951422,1,5,1,0.5351757198117496,41,2.838051677529523,0.6056301757087569,2.318440658205241,COMPLETE
261,96.61607146263123,3.011617064476013,0.002752849286480341,6.112438961863518,2026-07-23 20:49:08.315940,2026-07-23 20:52:26.115842,0 days 00:03:17.799902,12.401901516701246,20.474894380317778,1,5,1,0.5547471920743995,41,2.9104984980477577,0.6140988257722017,2.291199314315864,COMPLETE
262,96.48775458335876,2.8948523104190826,0.0,4.369509004056454,2026-07-23 20:49:36.368486,2026-07-23 20:51:57.668852,0 days 00:02:21.300366,11.823185146634549,21.04296761965545,1,5,1,0.557933833031124,45,2.8416097360027037,0.6042725500261734,2.0094453819639893,COMPLETE
263,96.88737392425537,4.101208597421646,0.005035246795159765,7.0958632454276085,2026-07-23 20:49:41.678908,2026-07-23 20:53:30.667390,0 days 00:03:48.988482,14.243166459359346,18.03015914488412,1,5,1,0.5496667272948703,45,2.782486338482524,0.5601690506875315,2.311015710314303,COMPLETE
264,96.82137966156006,3.904566541314125,0.0025654182536527514,4.688652388751507,2026-07-23 20:51:18.205817,2026-07-23 20:53:49.716063,0 days 00:02:31.510246,14.158981159138518,20.92677657012926,1,5,1,0.5511559688320734,46,2.7732321006531713,0.5731937846161426,2.0012383088187264,COMPLETE
265,96.91303968429565,4.252476617693901,0.002520732959965244,4.967409923672676,2026-07-23 20:51:57.687242,2026-07-23 20:54:38.291213,0 days 00:02:40.603971,14.461730802049946,20.685695637657467,1,5,1,0.5510975758258745,45,2.939742822502729,0.5597802839964426,2.012822539701181,COMPLETE
266,96.4767575263977,2.8802137821912766,0.0,4.729712478816509,2026-07-23 20:52:26.133517,2026-07-23 20:55:00.951941,0 days 00:02:34.818424,11.910757058803823,20.714257948366996,1,5,1,0.5814923768687996,45,2.7323397294170553,0.5996193671440545,2.0062790933652908,COMPLETE
267,96.82504534721375,3.8879811763763428,0.0025528439437039196,5.216348238289356,2026-07-23 20:53:30.688804,2026-07-23 20:56:21.515439,0 days 00:02:50.826635,14.083435892889097,21.22163946516683,1,5,1,0.5543780740215497,45,2.6544891255128693,0.557536844850787,2.050620510436546,COMPLETE
268,96.75539135932922,3.3787887543439865,0.0027604482966125943,4.69600148499012,2026-07-23 20:53:49.744738,2026-07-23 20:56:21.707846,0 days 00:02:31.963108,13.239706722177534,21.23964757507859,1,5,1,0.5806734968833253,45,2.7057539428431703,0.5681505998527325,2.0544368067808594,COMPLETE
269,95.83516716957092,1.733371801674366,0.002879355088225566,2.1413747146725655,2026-07-23 20:54:38.322248,2026-07-23 20:55:48.410180,0 days 00:01:10.087932,13.260582334446212,21.16409828756809,1,5,1,0.5784951381717398,45,0.7035548670611678,0.5748554481409627,2.0072035794924483,COMPLETE
270,95.87182998657227,1.898767426609993,0.0026335193979321048,2.1279682144522667,2026-07-23 20:55:00.980023,2026-07-23 20:56:10.669703,0 days 00:01:09.689680,14.178018709147933,19.645652296855463,1,5,1,0.5283387676215104,45,0.6684777369860813,0.575065642668222,2.0444065650640724,COMPLETE
271,95.62985897064209,1.777508668601513,0.0027515614419826306,1.838975690305233,2026-07-23 20:55:48.431729,2026-07-23 20:56:48.773074,0 days 00:01:00.341345,14.711840066634306,19.735772778307528,1,5,1,0.5239267932525892,48,0.5032058338580832,0.593106564774609,2.109449678082788,COMPLETE
272,95.5565333366394,1.6765577718615532,0.002967359068861697,1.772656038403511,2026-07-23 20:56:10.696567,2026-07-23 20:57:08.972128,0 days 00:00:58.275561,14.557693476214068,21.202521246133674,1,5,1,0.5560557764770002,48,0.5034259969318089,0.6169630934397136,2.168831251934558,COMPLETE
273,95.59686183929443,1.8148504197597504,0.002908413989644032,1.875668965280056,2026-07-23 20:56:21.539228,2026-07-23 20:57:24.305926,0 days 00:01:02.766698,14.697875542576643,19.156046716345045,1,5,1,0.5224799116774113,48,0.5163682789252934,0.6221727023012884,2.3768404548457394,COMPLETE
274,95.75084447860718,2.0072247833013535,0.0029132435884093866,1.8314472660422325,2026-07-23 20:56:21.758914,2026-07-23 20:57:22.005306,0 days 00:01:00.246392,17.255160653188856,19.1460756348999,1,5,1,0.5155195102559645,42,0.500229250924222,0.6275569056288107,2.3958726668455816,COMPLETE
275,95.69951891899109,1.867937296628952,0.0027229407351114787,1.94576083868742,2026-07-23 20:56:48.803799,2026-07-23 20:57:53.330028,0 days 00:01:04.526229,14.815322773241379,14.606210924750112,1,5,1,0.5116570544880237,49,0.5108417456619071,0.5956713567465424,2.4263336537273945,COMPLETE
276,95.48320770263672,1.7989223822951317,0.0030438621251960285,1.7551502734422684,2026-07-23 20:57:08.999611,2026-07-23 20:58:06.743218,0 days 00:00:57.743607,15.175057153450663,17.25804905035563,1,5,1,0.5161545252583133,49,0.504886868778896,0.6448705277665,2.38650358315225,COMPLETE
277,95.68851590156555,1.8779342994093895,0.006057852442609146,1.9091333597898483,2026-07-23 20:57:22.031254,2026-07-23 20:58:24.775300,0 days 00:01:02.744046,15.061121500767683,17.383802815590805,1,5,1,0.5464556562502099,49,0.5896845070271612,0.6384035267733774,2.3848243341806192,COMPLETE
278,95.68485021591187,1.8750190734863281,0.006117517477832735,1.9342793822288513,2026-07-23 20:57:24.333734,2026-07-23 20:58:28.527878,0 days 00:01:04.194144,15.201803509829778,17.259862390366838,1,5,1,0.5497961688642413,50,0.6068261866578861,0.6440520546181014,2.434139196465533,COMPLETE
279,95.64452171325684,1.8741019070148468,0.0030572624382330105,1.846031166613102,2026-07-23 20:57:53.354630,2026-07-23 20:58:53.944711,0 days 00:01:00.590081,15.517144499615119,17.525542866557846,1,5,1,0.5437858254533785,51,0.6028032816444414,0.6445321961709042,2.222757844505867,COMPLETE
280,96.0074782371521,2.6522237807512283,0.0,2.0378658697009087,2026-07-23 20:58:06.765154,2026-07-23 20:59:13.540517,0 days 00:01:06.775363,19.189444304198183,14.979387285840158,1,5,1,0.5454230344894043,50,0.6781071501951009,0.6505302953800591,2.504627179962407,COMPLETE
281,95.80950140953064,2.447606809437275,0.003114003629889339,1.9488024711608887,2026-07-23 20:58:24.796338,2026-07-23 20:59:28.578641,0 days 00:01:03.782303,19.05888992239763,16.938570660121137,1,5,1,0.5602023574175272,47,0.681618418171272,0.6585754813662941,2.2746194969277975,COMPLETE
282,96.36676907539368,2.9978180304169655,0.0031622552342014387,2.5011072754859924,2026-07-23 20:58:28.546781,2026-07-23 20:59:50.281642,0 days 00:01:21.734861,19.17063840290919,14.751315286980969,1,5,1,0.6223290484699875,47,0.746691252662717,0.5588100654791698,2.286529808728195,COMPLETE
283,96.35577201843262,3.103479743003845,0.0030337045245687477,2.4807213246822357,2026-07-23 20:58:53.986509,2026-07-23 21:00:17.829428,0 days 00:01:23.842919,19.26760592758072,15.530184057364847,1,5,1,0.6081501620291192,47,0.7146733034365246,0.5471427653101485,2.2685740552646574,COMPLETE
284,97.15501070022583,6.183331459760666,0.0029304888812475838,5.259214527904987,2026-07-23 20:59:13.562923,2026-07-23 21:02:03.530905,0 days 00:02:49.967982,17.936400547956712,9.398253574814055,1,5,1,0.6162670911627443,47,2.9288131499613517,0.5504192505343526,2.0151625112096774,COMPLETE
285,97.1403419971466,5.8463204652071,0.0027103944375994615,4.806990034878254,2026-07-23 20:59:28.601793,2026-07-23 21:02:04.655428,0 days 00:02:36.053635,17.877147316258352,15.476481586199624,1,5,1,0.5851891559319963,46,2.8797420974839723,0.5814989315474113,2.018337472245871,COMPLETE
286,97.18433618545532,6.518010050058365,0.002766557918221224,5.50282260030508,2026-07-23 20:59:50.302873,2026-07-23 21:02:48.433526,0 days 00:02:58.130653,18.117070048957622,18.352230455037475,1,5,1,0.5980387582773573,46,2.9601291575654107,0.5408676637259767,2.034464519050752,COMPLETE
287,97.15133905410767,6.118062138557434,0.0027558837246033363,4.935682989656925,2026-07-23 21:00:17.848817,2026-07-23 21:02:57.829261,0 days 00:02:39.980444,18.024444983337705,9.3645386443112,1,5,1,0.5938564988842124,46,2.9765078935544027,0.5774043067342693,2.0230956900605697,COMPLETE
288,60.12978553771973,1.5369782224297523,0.0,1.3940007090568542,2026-07-23 21:02:03.553729,2026-07-23 21:02:49.891726,0 days 00:00:46.337997,17.522271725270954,9.454380609649895,1,5,1,0.5884991228771937,46,0.8335164464310307,0.9655325446907513,2.019300097035149,COMPLETE
289,97.12567925453186,5.845070257782936,0.0027085590772912838,5.003334008157253,2026-07-23 21:02:04.679452,2026-07-23 21:04:46.266134,0 days 00:02:41.586682,17.51758756198837,10.137298670134788,1,5,1,0.5867844095871103,44,3.0031986015034837,0.5668536415085845,2.0102507335885065,COMPLETE
290,91.09106659889221,3.6889974027872086,0.0,2.8567136749625206,2026-07-23 21:02:48.456943,2026-07-23 21:04:22.670064,0 days 00:01:34.213121,18.76920508148711,15.292150725947284,1,5,1,0.5910084251892394,45,1.9957212657888537,0.7302342418993656,2.0223874534859005,COMPLETE
291,68.36046576499939,71.51076793670654,0.006737273361068219,2.9974352046847343,2026-07-23 21:02:49.987511,2026-07-23 21:04:27.741517,0 days 00:01:37.754006,17.002826384332597,9.723252606834636,5,5,1,0.5855901140930427,30,1.5770577051572983,0.9353009690480384,2.0106534158261984,COMPLETE
292,69.73530054092407,76.53065323829651,0.0053631956689059734,4.200593359768391,2026-07-23 21:02:57.853620,2026-07-23 21:05:13.956605,0 days 00:02:16.102985,16.423819520150822,8.64324375569999,5,5,1,0.5910270127220183,36,2.4979047575210753,0.9299453326071044,2.014403802224476,COMPLETE
293,70.9598183631897,72.00456261634827,0.007694576925132424,3.6514750868082047,2026-07-23 21:04:22.700672,2026-07-23 21:06:20.984983,0 days 00:01:58.284311,16.05423206125992,8.63380621346511,5,5,1,0.6005164190977084,33,1.5550559090751692,0.9163746685960614,2.5310360956849483,COMPLETE
294,60.95834970474243,1.8339822068810463,0.0,1.7706587761640549,2026-07-23 21:04:27.772171,2026-07-23 21:05:26.893785,0 days 00:00:59.121614,16.148997307986427,8.184847029244585,1,5,1,0.6370131732094476,36,1.413150902064692,0.9960351264935132,2.503831928947914,COMPLETE
295,68.0525004863739,1.8723446875810623,0.0,1.9508126378059387,2026-07-23 21:04:46.297493,2026-07-23 21:05:52.459676,0 days 00:01:06.162183,15.997829030934154,10.365438935955375,1,5,1,0.6132102486090378,52,1.4110804805779376,0.9262130402699817,2.5365162686639806,COMPLETE
296,95.3915536403656,2.7160663157701492,0.006867424235679209,2.7382304966449738,2026-07-23 21:05:13.977962,2026-07-23 21:06:42.802031,0 days 00:01:28.824069,17.0318754780521,11.553840705712085,1,5,1,0.6375556517040855,33,1.337588512577021,0.6780952531310245,2.5157182658095296,COMPLETE
297,62.47250437736511,1.803411915898323,0.0,1.7771694958209991,2026-07-23 21:05:26.918737,2026-07-23 21:06:25.192856,0 days 00:00:58.274119,15.858076860835533,7.355500340217434,1,5,1,0.608708805078321,23,1.285387864135656,0.9753792161870953,2.6040310945404,COMPLETE
298,55.73031306266785,1.8290452659130096,0.0,1.5438719987869263,2026-07-23 21:05:52.484200,2026-07-23 21:06:43.684409,0 days 00:00:51.200209,17.395043019505575,0.12758806815756607,1,5,1,0.6063820264948077,23,1.278001918518824,1.043445846893646,2.160818977348207,COMPLETE
299,55.770641565322876,1.9230769947171211,0.0,1.5880483761429787,2026-07-23 21:06:21.020075,2026-07-23 21:07:20.433172,0 days 00:00:59.413097,17.118970418328402,11.386289487269192,1,5,1,0.5737782539512412,23,1.3372809410440938,1.0456925234881305,2.156539004087841,COMPLETE
300,60.65039038658142,1.5200183726847172,0.0,1.4180700778961182,2026-07-23 21:06:25.222077,2026-07-23 21:07:12.205550,0 days 00:00:46.983473,17.277751997075132,18.245912968382815,1,5,1,0.6348662013502674,48,0.8350567384900481,0.963037272270895,2.1588582417375197,COMPLETE
301,57.12714195251465,2.2496994584798813,0.0,1.7801122665405273,2026-07-23 21:06:42.830260,2026-07-23 21:07:41.779141,0 days 00:00:58.948881,17.642365324940744,9.10546610958049,1,5,1,0.5679556833593836,49,1.7891743083318552,1.0507892951378106,2.161420300090108,COMPLETE
302,77.84498929977417,1.9231585785746574,0.0,1.699894718825817,2026-07-23 21:06:43.709198,2026-07-23 21:07:39.781143,0 days 00:00:56.071945,18.336227680487582,15.77482373258805,1,5,1,0.5765688075377912,49,0.9199914031944871,0.8231365229561287,2.156680789572464,COMPLETE
303,77.91831493377686,84.26278829574585,0.002297319042554591,5.826010033488274,2026-07-23 21:07:12.229474,2026-07-23 21:10:20.495502,0 days 00:03:08.266028,18.242778587766878,18.443916525351412,6,5,1,0.515979668581207,27,1.7554227004291207,0.7681479554770988,2.203538266378315,COMPLETE
304,81.39023184776306,79.83394265174866,0.0022726584575138986,3.4423088058829308,2026-07-23 21:07:20.453021,2026-07-23 21:09:12.493239,0 days 00:01:52.040218,18.15198040219805,18.360844492259243,6,5,1,0.5196828765604503,38,0.7801410697642461,0.7595726063979592,2.3372154913332697,COMPLETE
305,72.62061834335327,88.00195455551147,0.0026905467166216113,12.142559073865414,2026-07-23 21:07:39.804823,2026-07-23 21:14:10.045743,0 days 00:06:30.240920,17.68582597205798,18.634112212863673,6,5,1,0.5141201335800637,54,3.8321856780122525,0.7780273124153411,2.335619600414315,COMPLETE
306,78.53424549102783,84.30023789405823,0.0022650698156212457,6.6985197737813,2026-07-23 21:07:41.803610,2026-07-23 21:11:17.784072,0 days 00:03:35.980462,18.301725894462503,18.677486114702486,6,5,1,0.5134388167787,27,0.7965475708429576,0.7786836272388682,6.6277053113811215,COMPLETE
307,86.25898361206055,10.467614233493805,0.00947867301874794,3.958176262676716,2026-07-23 21:09:12.515487,2026-07-23 21:11:20.610295,0 days 00:02:08.094808,10.662630128907534,18.63675636020628,3,5,1,0.5347383552393357,54,0.8013788809538247,0.7793339042747922,6.486837669513035,COMPLETE
308,87.23419904708862,53.58765721321106,0.07597563089802861,6.652889862656593,2026-07-23 21:10:20.517059,2026-07-23 21:13:54.987451,0 days 00:03:34.470392,18.822423546365158,18.502192003193553,3,5,5,0.5340205614362112,58,0.818432594815062,0.7971067405159542,6.307768934079471,COMPLETE
309,89.8408830165863,68.24329495429993,0.04846570082008839,14.338043205440044,2026-07-23 21:11:17.806720,2026-07-23 21:18:58.344260,0 days 00:07:40.537540,18.91183469159242,19.035440757081457,3,5,5,0.5332262509564065,53,4.4675625401500145,0.746307576060556,2.389245250375242,COMPLETE
310,,,,,2026-07-23 21:11:20.631861,2026-07-23 23:11:20.956764,0 days 02:00:00.324903,18.867625966819336,19.127314112963056,5,5,5,0.5341239361684836,57,4.461235672431601,0.7421490816218231,9.40702896598535,PRUNED
311,95.32555937767029,59.19548273086548,0.0077919547038618475,16.059460930526257,2026-07-23 21:13:55.008050,2026-07-23 21:22:30.579368,0 days 00:08:35.571318,18.890917310508026,19.294917042822064,3,5,1,0.5364530639173745,52,4.440513685347087,0.32788626470188575,2.3609914056718084,COMPLETE
312,90.10851979255676,32.46426284313202,0.007573606126243249,3.615901455283165,2026-07-23 21:14:10.066534,2026-07-23 21:16:07.125987,0 days 00:01:57.059453,19.401900435414113,20.010252133098078,3,5,1,0.30187969169285933,34,0.6899428230745486,0.7460441071532485,5.671611395005098,COMPLETE
313,86.98856234550476,76.32452249526978,0.007076695328578353,4.978103615343571,2026-07-23 21:16:07.152042,2026-07-23 21:18:48.478765,0 days 00:02:41.326723,18.980393806109795,21.570866807513873,5,5,1,0.5303342639552919,30,0.7115251765553051,0.7188657257838404,5.042893523843352,COMPLETE
314,91.42836332321167,2.183959260582924,0.0,1.833271600306034,2026-07-23 21:18:48.502175,2026-07-23 21:19:48.895873,0 days 00:01:00.393698,18.66587070080608,19.242905725910155,1,5,1,0.5371870037120755,51,0.6048182126184147,0.7118839148157167,2.7524106720285118,COMPLETE
315,64.12230730056763,1.8315205350518227,0.0,1.958117239177227,2026-07-23 21:18:58.367619,2026-07-23 21:20:02.546753,0 days 00:01:04.179134,17.623515537453006,19.317318553395598,1,5,1,0.5475424574894643,25,0.5893057135083045,0.9581918500428579,7.0132597821169735,COMPLETE
316,92.51723289489746,1.2262633070349693,0.0,4.356521666049957,2026-07-23 21:19:48.913908,2026-07-23 21:22:09.752408,0 days 00:02:20.838500,19.851271176310387,18.051807453819208,1,7,1,0.5570905168609412,63,3.242494128968449,0.715364527253275,2.2490638670827345,COMPLETE
317,93.26514005661011,5.78836128115654,0.0,1.9783900901675224,2026-07-23 21:20:02.569792,2026-07-23 21:21:07.992438,0 days 00:01:05.422646,26.41031702852017,20.769637580835887,1,5,1,0.3579061290606657,20,0.8645042751909078,0.7032628937453091,2.24836996830024,COMPLETE
318,90.91508984565735,2.173025906085968,0.0,2.638154558837414,2026-07-23 21:21:08.015738,2026-07-23 21:22:33.970536,0 days 00:01:25.954798,16.745060897293538,17.692024943941416,1,5,1,0.559948697178759,57,0.693489705396537,0.724668067290264,5.461375326120899,COMPLETE
319,85.59172749519348,76.4716625213623,0.006630035932175815,5.004204474389553,2026-07-23 21:22:09.774379,2026-07-23 21:24:51.741349,0 days 00:02:41.966970,18.104347051114196,19.600536130534067,5,5,1,0.5609677735631678,31,0.6842354943081499,0.7437453050700267,5.94726521228447,COMPLETE
320,86.4386260509491,1.6901515424251556,0.0,1.6353334411978722,2026-07-23 21:22:30.601914,2026-07-23 21:23:24.266143,0 days 00:00:53.664229,16.493610099469272,20.240010451697792,1,5,1,0.5660198499619729,35,0.6764335909885159,0.7478228779081434,2.1524690311985055,COMPLETE
321,56.95483088493347,2.0269853994250298,0.0,3.6644277796149254,2026-07-23 21:22:33.989821,2026-07-23 21:24:33.186329,0 days 00:01:59.196508,18.146661260995007,20.22016524499154,1,5,1,0.880721028997634,29,0.6696361031470128,0.6706108684976315,9.721652286116434,COMPLETE
322,94.32834982872009,1.8833745270967484,0.003123340866295621,2.593352720141411,2026-07-23 21:23:24.282146,2026-07-23 21:24:49.112442,0 days 00:01:24.830296,11.546347338427545,12.35581841283521,1,5,1,0.5130652517523697,60,0.5497550580655683,0.6746676404496164,5.880515036476231,COMPLETE
323,89.87021446228027,74.78871941566467,0.010770368680823594,11.040581606328487,2026-07-23 21:24:33.205576,2026-07-23 21:30:29.303828,0 days 00:05:56.098252,11.808505698522886,21.11128048843152,5,5,1,0.5059716138873763,32,3.3865346712069355,0.6913894719173094,5.280707954749882,COMPLETE
324,59.77782607078552,82.58869051933289,0.0030400373361771926,5.580478064715862,2026-07-23 21:24:49.142254,2026-07-23 21:27:49.115757,0 days 00:02:59.973503,19.656748466728065,18.02543328852541,5,5,1,0.8436615708908384,39,0.7528835824793721,0.6944721588704487,5.275205272608494,COMPLETE
325,95.45754790306091,0.5914303008466959,0.0,11.140454299747944,2026-07-23 21:24:51.765372,2026-07-23 21:30:49.875627,0 days 00:05:58.110255,19.48852811295676,21.407236408877235,1,8,1,0.5271912281937345,66,3.605587952405117,0.3740151795979969,3.3162318541107627,COMPLETE
326,72.96891212463379,0.4388993140310049,0.0,2.217808485031128,2026-07-23 21:27:49.139044,2026-07-23 21:29:01.939680,0 days 00:01:12.800636,17.412066910338392,21.431968795194713,1,7,1,0.6823575528078958,56,0.5073283340817575,0.8591042912549004,8.009265832094197,COMPLETE
327,91.50902032852173,4.113094508647919,0.00936212672968395,2.412390097975731,2026-07-23 21:29:01.962424,2026-07-23 21:30:20.906209,0 days 00:01:18.943785,18.50095574403033,9.541188295730452,1,5,4,0.5013696691971189,48,0.9323248202569094,0.7243002678421069,2.432105149701024,COMPLETE
328,90.2148425579071,0.14252696419134736,0.0,1.8700861632823944,2026-07-23 21:30:20.931381,2026-07-23 21:31:29.060777,0 days 00:01:08.129396,15.349104846743428,10.473141131642418,1,8,5,0.6433219778708353,25,0.5878789705461074,0.7048652103524893,2.1596186443478893,COMPLETE
329,82.54876136779785,0.08491023909300566,0.0,1.9552836641669273,2026-07-23 21:30:29.337106,2026-07-23 21:31:33.667193,0 days 00:01:04.330087,19.45449571752065,10.428773490213175,1,9,5,0.5742887367721943,66,0.5937569718962129,0.7617087508125994,2.6634045678472207,COMPLETE
330,86.92989945411682,0.06386205786839128,0.003991378616774455,3.3819347843527794,2026-07-23 21:30:49.900459,2026-07-23 21:32:40.003057,0 days 00:01:50.102598,17.286829020475736,9.965494571689744,1,9,5,0.6490215908304232,20,0.5806943089359784,0.7378923979197879,8.852716083110495,COMPLETE
331,93.32746863365173,0.17038193764165044,0.0,1.9508460387587547,2026-07-23 21:31:29.087435,2026-07-23 21:32:32.977956,0 days 00:01:03.890521,15.401021709868644,16.47215559641219,1,8,5,0.6215760132564532,25,0.5807011363616343,0.6706789067203247,2.1464450037640006,COMPLETE
332,93.5034453868866,0.20061617251485586,0.0,1.9088432416319847,2026-07-23 21:31:33.708225,2026-07-23 21:32:36.742866,0 days 00:01:03.034641,15.393630907013,6.571670504322878,1,8,5,0.6341139754649553,25,0.5121974540667368,0.6634537731511878,2.149056072628537,COMPLETE
333,,,,,2026-07-23 21:32:33.002065,2026-07-23 21:34:21.858721,0 days 00:01:48.856656,15.576782188379529,17.10647870202357,1,8,5,0.9141639588818935,27,4.31794804637086,1.0149045574408055,2.1213321684475623,PRUNED
334,93.88473629951477,0.23974052164703608,0.0,3.1796927228569984,2026-07-23 21:32:36.770403,2026-07-23 21:34:20.212168,0 days 00:01:43.441765,15.639165053448522,4.015592221205747,1,8,5,0.6364656792523485,43,0.5070446816092549,0.6612077990338594,6.206811869217305,COMPLETE
335,,,,,2026-07-23 21:32:40.028365,2026-07-23 21:33:22.113216,0 days 00:00:42.084851,25.151453265295633,6.3625759599336495,1,8,5,0.6423952733608236,43,0.5100597031831405,1.1110414968075584,2.0044513612243997,PRUNED
336,92.86918640136719,0.1568795181810856,0.0,3.946119099855423,2026-07-23 21:33:22.189187,2026-07-23 21:35:30.272671,0 days 00:02:08.083484,9.322849454557693,6.643873749685534,1,8,5,0.6310876112840846,44,0.6004323064242398,0.6633981950491404,9.167847328169431,COMPLETE
337,,,,,2026-07-23 21:34:20.238780,2026-07-23 21:35:29.264718,0 days 00:01:09.025938,7.374138128439419,3.0531350281294145,1,7,5,1.0167296197077256,44,0.502623896434844,0.9761151416666728,8.484230052579441,PRUNED
338,95.95615267753601,1.731889508664608,0.018996960716322064,4.315004862844944,2026-07-23 21:34:21.894742,2026-07-23 21:36:41.739061,0 days 00:02:19.844319,17.61179091689046,3.1404052183391222,1,7,5,0.6271443639700194,44,0.6190982988813497,0.41286515364591037,2.2172149520359823,COMPLETE
339,95.40988206863403,0.8106275461614132,0.006164467777125537,4.591761887073517,2026-07-23 21:35:29.290297,2026-07-23 21:37:57.634167,0 days 00:02:28.343870,15.085588227947508,5.303044983314422,1,7,5,0.5781736037379431,44,0.6165680275063246,0.6604264869251973,9.502904524393436,COMPLETE
340,90.53380489349365,1.2752355076372623,0.0,4.852546237409115,2026-07-23 21:35:30.305271,2026-07-23 21:38:07.123257,0 days 00:02:36.817986,17.5240676104557,4.769376447640141,1,7,5,0.590366539495196,22,4.573033464282401,0.7394990584893796,2.262341342124014,COMPLETE
341,,,,,2026-07-23 21:36:41.770257,2026-07-23 21:39:51.848822,0 days 00:03:10.078565,29.125607586552164,5.229185892933131,1,7,5,1.1504767427958593,22,4.946633948283889,0.7386396089991291,2.267968645157153,PRUNED
342,84.62750911712646,0.10936930775642395,0.0,1.7688236981630325,2026-07-23 21:37:57.657674,2026-07-23 21:38:55.874412,0 days 00:00:58.216738,9.906596452297933,4.4785692860351185,1,8,5,0.5982193046150923,22,0.642944126867083,0.7418575348624505,2.2827302602396053,COMPLETE
343,91.90497398376465,0.31341821886599064,0.006529546226374805,3.7220315486192703,2026-07-23 21:38:07.147970,2026-07-23 21:40:07.881482,0 days 00:02:00.733512,18.58945663152826,7.438353908146917,1,8,5,0.5504882982018657,46,0.5016673635005208,0.7021317144546109,8.833600488328598,COMPLETE
344,94.31734681129456,0.8326872251927853,0.07416647276841104,2.7059686332941055,2026-07-23 21:38:55.895714,2026-07-23 21:40:24.412107,0 days 00:01:28.516393,8.562755463051433,4.007487252055576,3,8,5,0.6154806540771705,24,0.5706631492294507,0.64899877756671,2.394441850407432,COMPLETE
345,77.98430919647217,1.6817312687635422,0.06952894036658108,1.9892067164182663,2026-07-23 21:39:51.870503,2026-07-23 21:40:57.126855,0 days 00:01:05.256352,14.803762768653845,3.871588051167153,3,8,5,0.6111767016828958,19,0.5011346762154814,0.8046798520274459,2.000013328933484,COMPLETE
346,93.69775652885437,0.31737175304442644,0.010462804493727162,2.0162776857614517,2026-07-23 21:40:07.907245,2026-07-23 21:41:14.433182,0 days 00:01:06.525937,9.731779851964639,7.0895420821842405,2,8,5,0.6229259774324012,24,0.5055005934766574,0.6533778604926544,2.0041685771446844,COMPLETE
347,93.75641345977783,0.5987806711345911,0.04354768607299775,2.58147132396698,2026-07-23 21:40:24.437384,2026-07-23 21:41:48.673921,0 days 00:01:24.236537,14.584760687526233,5.985526516679197,2,8,5,0.6485884133618008,20,0.6559460093445555,0.6780691668412563,2.395002078197229,COMPLETE
348,94.72429752349854,0.6864505354315042,0.03168233088217676,2.682008981704712,2026-07-23 21:40:57.146860,2026-07-23 21:42:24.338237,0 days 00:01:27.191377,14.584945736860186,4.466759033592949,2,8,5,0.6453992545329513,21,0.6569944023919645,0.6556833347046295,2.3461070738682537,COMPLETE
349,95.32922506332397,12.747558951377869,0.20765536464750767,3.3724734485149384,2026-07-23 21:41:14.457294,2026-07-23 21:43:03.993943,0 days 00:01:49.536649,15.99015645938822,6.127911500474679,3,7,5,0.6520497267491638,21,0.6668591990211817,0.677537806202361,2.376626952818032,COMPLETE
350,93.81507635116577,0.9002458304166794,0.03116235602647066,2.3184205517172813,2026-07-23 21:41:48.694374,2026-07-23 21:43:04.452579,0 days 00:01:15.758205,10.492708134480322,4.460451907208951,2,7,5,0.6077054569740554,22,0.6652358339120481,0.68415971102828,2.2596363632271577,COMPLETE
351,,,,,2026-07-23 21:42:24.361010,2026-07-23 21:43:34.942728,0 days 00:01:10.581718,15.391539857886437,6.854981393535532,1,8,5,0.9374509633055428,25,0.6524169869159143,0.6846464808313981,2.2582473553380242,PRUNED
352,,,,,2026-07-23 21:43:04.014883,2026-07-23 21:44:18.479589,0 days 00:01:14.464706,15.215194132236329,4.422573015147275,1,8,5,0.9363723412935843,26,0.6495479896882249,0.6496172440314761,2.2189370528959516,PRUNED
353,92.94984340667725,0.1499150530435145,0.0,1.9622877091169357,2026-07-23 21:43:04.475344,2026-07-23 21:44:08.926848,0 days 00:01:04.451504,9.051905924636609,2.784463511263642,1,8,5,0.5957774413441181,26,0.5894996665623727,0.6346624631988517,2.1621557815368977,COMPLETE
354,92.61988401412964,0.1559288357384503,0.0,2.106732279062271,2026-07-23 21:43:34.963150,2026-07-23 21:44:43.969009,0 days 00:01:09.005859,8.043022098099915,2.6532169223502753,1,8,5,0.6298132960946875,26,0.7401273488930415,0.6417176428064089,2.1540825347903234,COMPLETE
355,94.137704372406,0.22689984180033207,0.0,3.8768194168806076,2026-07-23 21:44:08.947878,2026-07-23 21:46:14.722635,0 days 00:02:05.774757,14.56691182906652,4.581486547946659,1,8,5,0.6364696605938565,25,0.7446763366753425,0.6605912764443538,6.84167783692179,COMPLETE
356,94.137704372406,0.25084211956709623,0.007166917202994227,2.4600933268666267,2026-07-23 21:44:18.500901,2026-07-23 21:45:38.803471,0 days 00:01:20.302570,16.519348978121705,8.3214368581795,1,8,5,0.6448988072142828,24,0.7881837095076607,0.663798117541431,2.4712920074194265,COMPLETE
357,93.0525004863739,0.1437125727534294,0.0,3.012639857828617,2026-07-23 21:44:43.988034,2026-07-23 21:46:22.482084,0 days 00:01:38.494050,10.255458218585478,1.6521678958252215,1,8,5,0.6008664542914257,18,0.57987431698807,0.6630958976217858,6.901626009726215,COMPLETE
358,85.26176810264587,4.571428522467613,0.006683375249849632,4.704152345657349,2026-07-23 21:45:38.826532,2026-07-23 21:48:11.714753,0 days 00:02:32.888221,16.92830105233549,7.776016366894655,1,4,5,0.5760498650298782,16,3.039179979154485,0.7912744974829417,8.299214254937104,COMPLETE
359,95.04325985908508,0.7105084601789713,0.024406779266428202,5.978523634374142,2026-07-23 21:46:14.744154,2026-07-23 21:49:27.730287,0 days 00:03:12.986133,17.095540945241073,8.156398727564707,1,8,5,0.5766872608947948,16,2.9029448650927248,0.3805314222826315,2.489601006429959,COMPLETE
360,94.99926567077637,0.3673830069601536,0.01657366956351325,4.37696611136198,2026-07-23 21:46:22.504349,2026-07-23 21:48:44.067288,0 days 00:02:21.562939,12.241151034047245,19.248116501057982,1,8,5,0.5702447896320965,17,3.549448690713703,0.5349640339991172,2.0006268626011625,COMPLETE
361,74.51605796813965,0.10320380097255111,0.0,1.6916073858737946,2026-07-23 21:48:11.734467,2026-07-23 21:49:07.243938,0 days 00:00:55.509471,12.049445202530439,19.171249073569715,1,8,4,0.5252245035360938,46,0.8251782140615639,0.8253149756123609,2.0039949772920513,COMPLETE
362,97.66827821731567,16.85013622045517,0.05868307198397815,14.44439359754324,2026-07-23 21:48:44.086991,2026-07-23 21:56:28.014689,0 days 00:07:43.927698,17.92252456542031,19.06976486627249,1,5,5,0.5622670837690844,46,3.980364792366794,0.3315724906511336,2.5116076835255026,COMPLETE
363,79.55345511436462,0.7695681415498257,0.0039873997593531385,2.8808901458978653,2026-07-23 21:49:07.266725,2026-07-23 21:50:40.965814,0 days 00:01:33.699089,17.774994445024042,8.88728544501399,1,7,3,0.5805204222451291,46,2.1894103343455082,0.8336713791399644,2.0406179473146797,COMPLETE
364,80.27203679084778,3.608780726790428,0.015323908883146942,3.042187102138996,2026-07-23 21:49:27.751050,2026-07-23 21:51:07.530300,0 days 00:01:39.779250,16.550678540800966,9.512039020265526,1,6,4,0.586051094566413,46,2.2499862082689477,0.8321442700958877,2.0305891442194146,COMPLETE
365,82.33245611190796,5.253997445106506,0.010877841850742698,4.328338459134102,2026-07-23 21:50:40.986908,2026-07-23 21:53:00.824353,0 days 00:02:19.837445,16.64240917002764,9.085859193248892,1,4,4,0.591940767286521,45,3.5548346377599307,0.818028225392068,2.09443467088495,COMPLETE
366,74.72869753837585,0.8912655524909496,0.004145421553403139,3.0869159772992134,2026-07-23 21:51:07.546409,2026-07-23 21:52:47.923707,0 days 00:01:40.377298,18.03742671570603,9.004643604304892,1,7,5,0.5613351332301996,45,2.5449064580601157,0.8854025969825484,2.001595971400925,COMPLETE
367,75.65991878509521,2.9846960678696632,0.012682843953371048,2.505813479423523,2026-07-23 21:52:47.948595,2026-07-23 21:54:09.945532,0 days 00:01:21.996937,16.672020395078718,7.68672868759343,1,4,4,0.601853334506385,42,1.677685113462077,0.8673515780426357,2.1339082679925854,COMPLETE
368,51.28684639930725,2.743407152593136,0.012498437718022615,1.847490407526493,2026-07-23 21:53:00.844989,2026-07-23 21:54:01.708039,0 days 00:01:00.863050,17.92354417858485,8.1236719035264,1,4,5,0.5609252975918576,47,1.6588362135538,1.1421727315529813,2.181623696657227,COMPLETE
369,97.35298156738281,8.124076575040817,0.035808602115139365,5.760543093085289,2026-07-23 21:54:01.728896,2026-07-23 21:57:07.432430,0 days 00:03:05.703534,17.24501772220763,19.114094907124198,1,4,3,0.539562975733392,42,2.051359948783271,0.52955370702883,2.312401029835413,COMPLETE
370,62.94911503791809,4.304667189717293,0.009544716886011884,3.1178749427199364,2026-07-23 21:54:09.967136,2026-07-23 21:55:51.159382,0 days 00:01:41.192246,17.382740898436825,19.067705354165035,1,4,3,0.5420780598279535,46,3.841567730454247,1.0139976529814865,2.0032552602665583,COMPLETE
371,70.92682123184204,1.863107830286026,0.004404510036692955,2.5562347695231438,2026-07-23 21:55:51.180954,2026-07-23 21:57:14.290114,0 days 00:01:23.109160,12.128548560538182,8.381405145109767,1,6,5,0.5270806502098767,43,1.9621787348009743,0.9057742502685096,2.3297639858458057,COMPLETE
372,,,,,2026-07-23 21:56:28.036556,2026-07-23 21:57:33.541503,0 days 00:01:05.504947,18.81256410659501,9.665479448754901,1,5,5,0.5307987579432324,43,1.485889988285463,1.1628911484492754,2.3024349740418364,PRUNED
373,,,,,2026-07-23 21:57:07.451272,2026-07-23 21:57:53.776811,0 days 00:00:46.325539,18.612329489090598,8.560795015453252,1,5,2,0.537605690000805,44,0.844349200096189,1.0955898659330199,2.3317859031070562,PRUNED
374,68.62809658050537,2.8392041102051735,0.013849776587449014,2.383826620876789,2026-07-23 21:57:14.309301,2026-07-23 21:58:31.991885,0 days 00:01:17.682584,17.224238171355072,19.560085463507377,1,5,2,0.5774485722484368,48,2.0416123166851143,0.9443250737970783,2.314414243495916,COMPLETE
375,,,,,2026-07-23 21:57:33.562076,2026-07-23 21:58:19.990567,0 days 00:00:46.428491,17.311658020563787,19.82808552552229,1,5,2,0.5678164902932494,47,0.8515208614271141,1.0918037916342849,2.202193047429255,PRUNED
376,52.998971939086914,1.6443399712443352,0.012697606871370226,1.495867595076561,2026-07-23 21:57:53.796948,2026-07-23 21:58:43.374998,0 days 00:00:49.578050,17.37081390692485,20.84470032343042,1,4,2,0.5772234551505333,48,1.0824041863013742,1.0710393453359905,2.1593302747458227,COMPLETE
377,57.10514783859253,3.032851219177246,0.011212019308004528,2.0891922041773796,2026-07-23 21:58:20.027434,2026-07-23 21:59:28.386480,0 days 00:01:08.359046,18.404288737393365,20.130720157634823,1,4,3,0.5821886402787968,48,2.0703332811932005,1.082670276442007,2.18970583510988,COMPLETE
378,83.67795944213867,4.584565386176109,0.003322148768347688,3.180562451481819,2026-07-23 21:58:32.014906,2026-07-23 22:00:17.551942,0 days 00:01:45.537036,18.385223308649785,20.314125933051262,1,4,2,0.5008897162340809,42,2.320901200257653,0.8047985387504561,2.173888698848058,COMPLETE
379,86.03167533874512,5.594036355614662,0.009318217053078115,3.7774758636951447,2026-07-23 21:58:43.400327,2026-07-23 22:00:46.061458,0 days 00:02:02.661131,18.319767620917702,20.133800910164783,1,6,3,0.502411714514686,42,2.4419041987171033,0.791972665352035,2.462506190809137,COMPLETE
380,96.86903953552246,5.327868834137917,0.010899895278271288,3.0639393031597137,2026-07-23 21:59:28.403901,2026-07-23 22:01:08.199215,0 days 00:01:39.795314,19.171334654509266,18.894786110978398,1,5,2,0.49912013820447804,41,0.7682888769422063,0.5291098310920817,2.4213737262623103,COMPLETE
381,,,,,2026-07-23 22:00:17.575059,2026-07-23 22:01:07.542773,0 days 00:00:49.967714,19.00641363310646,18.82480413717753,1,5,3,1.1229737651517218,44,1.150351937856736,1.1981294774429512,2.472640164183841,PRUNED
382,74.80568885803223,1.6032325103878975,0.004344803528510965,1.8886412158608437,2026-07-23 22:00:46.088864,2026-07-23 22:01:47.915218,0 days 00:01:01.826354,13.046626861574438,19.310528790262012,1,5,3,0.5504696457206764,45,1.1557404739531345,0.850595040786767,2.009483071317454,COMPLETE
383,,,,,2026-07-23 22:01:07.564542,2026-07-23 22:02:16.384025,0 days 00:01:08.819483,25.85260758749302,17.676421960823703,1,5,2,1.0842147369028738,45,0.9849730771158215,0.7708481703516196,2.0298513548968327,PRUNED
384,87.48350143432617,1.9013645127415657,0.0034633234463399276,3.7090411484241486,2026-07-23 22:01:08.222563,2026-07-23 22:03:09.262476,0 days 00:02:01.039913,11.381632092155453,19.44920539566698,1,5,2,0.5498013781860712,45,0.7595731584036828,0.7649077466765267,9.34072465344793,COMPLETE
385,96.49508595466614,2.426912821829319,0.004662656647269614,3.420756533741951,2026-07-23 22:01:47.952903,2026-07-23 22:03:39.653778,0 days 00:01:51.700875,11.501540939092106,17.66705033098171,1,5,2,0.5160792441648587,45,0.9434499455885296,0.5227833855705095,2.595790020480151,COMPLETE
386,71.5060830116272,3.201286867260933,0.00804343435447663,4.276692859828472,2026-07-23 22:02:16.411177,2026-07-23 22:04:38.382374,0 days 00:02:21.971197,16.206193287778582,14.127714730817951,1,5,2,0.5218516102556393,47,1.8360594817509102,0.9835645768904766,7.372127923007482,COMPLETE
387,55.792635679244995,5.590323731303215,0.006017571286065504,2.034920297563076,2026-07-23 22:03:09.287305,2026-07-23 22:04:15.921142,0 days 00:01:06.633837,27.222376641225054,14.097925945164903,1,5,2,0.8259155073851799,41,1.8282076616545089,0.9921677980665894,2.0006111967821076,COMPLETE
388,,,,,2026-07-23 22:03:39.674241,2026-07-23 22:04:31.558953,0 days 00:00:51.884712,19.138139189928836,14.273978600687297,1,5,4,0.5168038825329582,47,0.9735898260762264,1.128762629241078,2.6034967507032905,PRUNED
389,96.53174877166748,3.454335778951645,0.0,2.6772888973355293,2026-07-23 22:04:15.942217,2026-07-23 22:05:43.237655,0 days 00:01:27.295438,19.198832574982728,14.808714304186585,1,5,1,0.533571635855515,47,0.9969264959636487,0.6252837014815802,2.670663656130985,COMPLETE
390,96.44376039505005,2.96535138040781,0.0,2.5521858781576157,2026-07-23 22:04:31.578240,2026-07-23 22:05:54.695110,0 days 00:01:23.116870,17.805997230061198,14.792968221342134,1,5,1,0.5339027357829554,44,0.8953199579780751,0.5923712547170997,2.36939957680805,COMPLETE
391,96.41442894935608,3.2519590109586716,0.0022645952412858605,2.648184783756733,2026-07-23 22:04:38.405842,2026-07-23 22:06:04.642306,0 days 00:01:26.236464,17.814867247810586,17.95559426594559,1,5,1,0.4883079195297552,43,0.7570058411029716,0.5354487499207189,2.3891172484854875,COMPLETE
392,,,,,2026-07-23 22:05:43.256531,2026-07-23 22:07:01.313048,0 days 00:01:18.056517,17.799479398274055,18.228902260545773,1,5,1,1.1977027865739212,48,0.9411837507461822,0.6896184128892291,2.6544192921858962,PRUNED
393,96.42542600631714,2.8349200263619423,0.0030030931156943552,2.9765301644802094,2026-07-23 22:05:54.715964,2026-07-23 22:07:31.758413,0 days 00:01:37.042449,16.840555454985605,9.82593751501874,1,5,1,0.6047374810885914,50,0.8817609912862971,0.5317232524443656,2.425184172081023,COMPLETE
394,55.86962699890137,1.5424164943397045,0.0,1.4312214627861977,2026-07-23 22:06:04.663137,2026-07-23 22:06:53.655446,0 days 00:00:48.992309,16.901380585541943,9.30809346180227,1,5,1,0.5990417097887356,50,0.8951482123698841,1.018911793405889,2.316725213883907,COMPLETE
395,51.51782035827637,1.4846163801848888,0.0,1.3343942016363144,2026-07-23 22:06:53.676938,2026-07-23 22:07:37.806577,0 days 00:00:44.129639,16.34389346261106,6.617990788209515,1,5,1,0.6107722376880189,48,0.8583076482015819,1.0584329326902289,2.1717500502516063,COMPLETE
396,72.25766181945801,2.432071231305599,0.013363029574975371,1.7624278292059898,2026-07-23 22:07:01.332838,2026-07-23 22:07:59.361185,0 days 00:00:58.028347,17.719166687534404,18.73995144869363,1,5,5,0.5462093556221923,49,0.8314573170766064,0.8715504527468821,2.2027089194976286,COMPLETE
397,,,,,2026-07-23 22:07:31.779249,2026-07-23 22:08:15.844756,0 days 00:00:44.065507,16.202267097154785,6.854732124344363,1,5,5,0.5467030461428761,49,0.808851731886143,1.174911010385692,2.1837653480733543,PRUNED
398,64.45226669311523,0.08678201702423394,0.0,1.6427155211567879,2026-07-23 22:07:37.830612,2026-07-23 22:08:32.244630,0 days 00:00:54.414018,15.929775758590917,6.394290349557197,1,8,4,0.6213807700358319,49,0.83017760001382,0.9223966820942013,2.2610394312382622,COMPLETE
399,80.83296418190002,0.14009169535711408,0.0,1.9081271961331367,2026-07-23 22:07:59.381684,2026-07-23 22:09:02.205857,0 days 00:01:02.824173,15.822453389597744,6.640237918113731,1,8,4,0.6142618273630431,46,0.8010693645501028,0.7867355709935374,2.2762417105000634,COMPLETE
400,61.29564642906189,0.08625802001915872,0.0,1.5856846496462822,2026-07-23 22:08:15.864892,2026-07-23 22:09:08.165680,0 days 00:00:52.300788,16.07659995162926,5.8869336775054855,1,8,4,0.461522639587182,46,0.7769617714481913,0.9497959512880332,2.328285241632818,COMPLETE
401,60.28743386268616,0.1069010584615171,0.0,1.485533058643341,2026-07-23 22:08:32.264513,2026-07-23 22:09:21.613179,0 days 00:00:49.348666,6.001782189069681,5.947207413594181,1,8,5,0.6136834295325668,44,0.7018785414121639,0.8974439473016839,2.4367312884620937,COMPLETE
402,79.16116714477539,0.26591457426548004,0.004029008778161369,8.302879422903061,2026-07-23 22:09:02.225428,2026-07-23 22:13:32.407873,0 days 00:04:30.182445,16.367319188478486,6.016725534623696,1,8,5,0.6230771340432238,51,3.6722735483629325,0.8978661669773917,7.677949726616997,COMPLETE
403,61.25531792640686,0.11817790800705552,0.0,1.677009955048561,2026-07-23 22:09:08.184803,2026-07-23 22:10:03.500801,0 days 00:00:55.315998,16.46707869506793,5.767859169262277,1,8,5,0.47958259870155545,41,0.7335595445216255,0.9549271900757412,2.7864322208793797,COMPLETE
404,83.73661637306213,0.1549732289277017,0.0,3.734192408621311,2026-07-23 22:09:21.633087,2026-07-23 22:11:22.581607,0 days 00:02:00.948520,7.845146931295069,5.436368879941236,1,8,5,0.36944862587471683,19,3.6818056558777497,0.7595794781159282,2.9288859623097068,COMPLETE
405,58.4836483001709,0.157719140406698,0.012132241681683809,3.9459535777568817,2026-07-23 22:10:03.521698,2026-07-23 22:12:11.722334,0 days 00:02:08.200636,13.646733809499603,5.5382872439259305,1,8,5,0.8689923494327578,19,3.3152134882686095,0.7560612626419796,2.4812287026862476,COMPLETE
406,86.80891394615173,0.1400766777805984,0.0,1.9309432953596115,2026-07-23 22:11:22.606991,2026-07-23 22:12:25.842468,0 days 00:01:03.235477,6.989662121149973,6.324766545145298,1,8,5,0.3392115195335844,43,0.7093422884717575,0.7108970395375732,2.5087511071374102,COMPLETE
407,64.97653722763062,0.18008474726229906,0.0,6.7294433787465096,2026-07-23 22:12:11.749729,2026-07-23 22:15:48.605247,0 days 00:03:36.855518,5.498243251083001,7.302392337163766,1,8,5,0.6150424157488095,43,4.850873143659282,0.8975635737679998,9.675119310959925,COMPLETE
408,88.2094144821167,0.17639512661844492,0.0,2.113071620464325,2026-07-23 22:12:25.871552,2026-07-23 22:13:35.110877,0 days 00:01:09.239325,18.304352325391807,6.700425268712593,1,8,5,0.6617207446287252,41,0.6864598234582749,0.7290956591520782,2.5121198582292936,COMPLETE
409,85.39008498191833,0.20516186486929655,0.0,4.811019904911518,2026-07-23 22:13:32.437376,2026-07-23 22:16:08.162429,0 days 00:02:35.725053,6.305652780645076,3.385947852501226,1,8,5,0.6566727163551326,39,4.139180234174556,0.7274233427082532,2.4257233479834825,COMPLETE
410,,,,,2026-07-23 22:13:35.143574,2026-07-23 22:18:24.919264,0 days 00:04:49.775690,5.859841522123865,7.177567931770428,6,8,5,1.038052717537732,44,4.141067069229269,0.7065122255475423,2.749956931431517,PRUNED
411,,,,,2026-07-23 22:15:48.623463,2026-07-23 22:18:27.218095,0 days 00:02:38.594632,6.345984851980534,4.8205840299311955,6,8,5,1.1057515310018222,44,0.5925884241176314,0.71143308121273,8.045902377023804,PRUNED
412,,,,,2026-07-23 22:16:08.187160,2026-07-23 22:18:19.490187,0 days 00:02:11.303027,28.620380778890926,18.458312288754282,6,8,5,1.0488056538706214,45,0.588909169641253,0.7067443782983053,2.6325456011285366,PRUNED
413,54.85408306121826,1.7539335414767265,0.0,3.7099012061953545,2026-07-23 22:18:19.509815,2026-07-23 22:20:22.546574,0 days 00:02:03.036759,7.664225654927803,7.125244786636616,1,5,5,0.89237185176051,17,0.7181739204944484,0.4001694548044439,2.363467591725194,COMPLETE
414,,,,,2026-07-23 22:18:24.941101,2026-07-23 22:19:22.655584,0 days 00:00:57.714483,8.964147994804097,22.246574484272426,1,5,5,0.9801429159799634,17,0.6900627004421709,0.7795809269670054,2.3592873477337633,PRUNED
415,77.68367528915405,1.3815226964652538,0.0,1.685761235654354,2026-07-23 22:18:27.239105,2026-07-23 22:19:22.617901,0 days 00:00:55.378796,8.77405831879958,19.78915318124821,1,5,5,0.5057666291167605,15,0.699320501211252,0.8033462760596487,2.352688367031517,COMPLETE
416,96.82137966156006,7.09661990404129,0.013264711014926434,3.2491242587566376,2026-07-23 22:19:22.642401,2026-07-23 22:21:08.490265,0 days 00:01:45.847864,19.51262125861207,4.9814946375274936,1,5,5,0.589969101837656,44,0.6607048356591351,0.5072531613662522,2.1780637236076146,COMPLETE
417,,,,,2026-07-23 22:19:22.754708,2026-07-23 22:20:20.150267,0 days 00:00:57.395559,9.91197699446285,19.62393997500693,1,5,5,1.0165154516768815,42,0.5783024928073782,0.749262742344487,2.1574392518906023,PRUNED
418,97.25033044815063,26.718619465827942,0.04174784407950938,12.66218126565218,2026-07-23 22:20:20.173738,2026-07-23 22:27:06.939035,0 days 00:06:46.765297,24.368397952755608,18.711040674907697,1,5,5,0.591093164634392,47,0.6379078949338538,0.30350023470604204,3.184330597173118,COMPLETE
419,93.80040764808655,2.216474525630474,0.0,1.96842060983181,2026-07-23 22:20:22.588998,2026-07-23 22:21:27.414551,0 days 00:01:04.825553,19.74298499069662,0.42359059539684374,4,8,1,0.5421495980424182,47,0.5024359888353283,0.677647174630256,2.155594805124124,COMPLETE
420,94.89661455154419,3.6434993147850037,0.005857715950696729,4.350404255092144,2026-07-23 22:21:08.512111,2026-07-23 22:23:30.312505,0 days 00:02:21.800394,19.728584659266517,0.8322527325546574,4,8,1,0.5375677563512391,47,0.5060156406934817,0.6748855210323192,8.657790324600885,COMPLETE
421,95.31456232070923,9.129711985588074,0.0027716187105397694,4.724874973297119,2026-07-23 22:21:27.436376,2026-07-23 22:24:00.011990,0 days 00:02:32.575614,24.358136291043017,20.470772899002743,1,5,1,0.5603809111011797,48,2.6136898955171093,0.6956550308950403,3.155046687328352,COMPLETE
422,97.08901643753052,4.55983579158783,0.0027753108952310868,3.6363285183906555,2026-07-23 22:23:30.333522,2026-07-23 22:25:28.498970,0 days 00:01:58.165448,18.585032392343905,20.36677954185536,1,5,1,0.588272934745775,20,2.6392845859083054,0.5811796736774706,2.1317828969414876,COMPLETE
423,96.2897777557373,2.1299317479133606,0.008899436215870082,2.3801896274089813,2026-07-23 22:24:00.032603,2026-07-23 22:25:19.780840,0 days 00:01:19.748237,12.756697422161139,18.480597664457886,1,5,3,0.5982917137858942,42,0.6393490651728122,0.5867250954596779,2.466748368919375,COMPLETE
424,70.51987051963806,27.297115325927734,0.014119806292001158,6.988881826400757,2026-07-23 22:25:19.805238,2026-07-23 22:29:04.699401,0 days 00:03:44.894163,29.707157254208376,15.939627085109406,1,5,5,0.8139654263031422,40,4.758838139793812,0.7397021054592202,2.1196740423788984,COMPLETE
425,88.41472268104553,2.036033384501934,0.007323861063923687,2.2484183460474014,2026-07-23 22:25:28.519860,2026-07-23 22:26:42.068158,0 days 00:01:13.548298,29.613780347696885,19.000535005661874,1,7,3,0.5970747553876774,20,0.5937127812618348,0.7428863150055469,3.451341499374341,COMPLETE
426,56.67619705200195,1.85474194586277,0.0,1.8650345727801323,2026-07-23 22:26:42.088826,2026-07-23 22:27:43.506084,0 days 00:01:01.417258,18.759745938847132,19.78638944568869,1,5,1,0.6145395807181849,22,0.7453212794839428,1.054880863495937,6.125570569617095,COMPLETE
427,78.0246376991272,3.3461924642324448,0.0,2.6104950308799744,2026-07-23 22:27:06.961804,2026-07-23 22:28:31.941198,0 days 00:01:24.979394,18.71218426379891,19.960961028671814,1,5,1,0.6289353183613522,22,2.5294143403578087,0.84783612548451,2.147803636168386,COMPLETE
428,80.13638257980347,2.290528826415539,0.0,1.515642873942852,2026-07-23 22:27:43.527153,2026-07-23 22:28:33.360975,0 days 00:00:49.833822,6.969465142385248,20.709292846826916,1,5,1,0.570989235668494,40,0.5894139404870136,0.76444892048949,2.1489676946355365,COMPLETE
429,96.27511501312256,2.6350654661655426,0.0,2.5750957801938057,2026-07-23 22:28:31.962680,2026-07-23 22:29:57.860897,0 days 00:01:25.898217,18.338984779325646,6.490440726535565,1,5,1,0.5663726960609626,40,0.7508374943492553,0.6305035762227112,2.8437741690249263,COMPLETE
430,94.4236695766449,1.7210030928254128,0.006269592267926782,2.0551259219646454,2026-07-23 22:28:33.382067,2026-07-23 22:29:40.759426,0 days 00:01:07.377359,7.491193361546161,20.48053352753002,1,5,5,0.601894058401743,21,0.5025043437121426,0.6043472302065418,2.651998296475573,COMPLETE
431,93.95805597305298,1.9096560776233673,0.006344372377498075,2.12352903932333,2026-07-23 22:29:04.729193,2026-07-23 22:30:14.220362,0 days 00:01:09.491169,6.86513106188072,21.471406707971955,1,5,5,0.607676090938564,18,0.5709963826832337,0.5960257362101371,2.6056438275744593,COMPLETE
432,95.16791105270386,2.12042685598135,0.0033657568565104157,3.5753445476293564,2026-07-23 22:29:40.780532,2026-07-23 22:31:36.705257,0 days 00:01:55.924725,7.149036117741575,21.088413771953714,1,5,5,0.6394555479940411,19,2.6771278273807537,0.6326296007595849,2.297691883780048,COMPLETE
433,91.3990318775177,3.260025754570961,0.0064683052187319845,3.826771058142185,2026-07-23 22:29:57.883187,2026-07-23 22:32:01.955509,0 days 00:02:04.072322,5.219131613390815,21.829014145372803,1,5,5,0.6148596628770199,20,2.6592567674612577,0.5557807095207425,2.262650288196737,COMPLETE
434,93.50711107254028,2.590567246079445,0.003417635161895305,3.6795484572649,2026-07-23 22:30:14.238963,2026-07-23 22:32:13.499769,0 days 00:01:59.260806,5.970370145278505,21.012354657863575,1,5,5,0.6411556402740216,19,2.586169459433747,0.574724423386447,2.246860971237753,COMPLETE
435,94.34667825698853,2.467820420861244,0.0028796037440770306,3.8033693358302116,2026-07-23 22:31:36.725258,2026-07-23 22:33:40.404239,0 days 00:02:03.678981,6.361553187714265,7.712684709329853,1,5,5,0.582318999851165,20,2.5947467962915924,0.5690347628007444,2.261604067351452,COMPLETE
436,92.75920391082764,2.221284620463848,0.0030139546652208082,2.1921253129839897,2026-07-23 22:32:01.977832,2026-07-23 22:33:13.396735,0 days 00:01:11.418903,6.047126988768452,22.344495748805695,1,5,5,0.5827116951007737,18,0.6339889479787473,0.587025631385096,2.505788838078751,COMPLETE
437,94.25502419471741,2.0355714485049248,0.005840951052960008,2.414914198219776,2026-07-23 22:32:13.523100,2026-07-23 22:33:32.494830,0 days 00:01:18.971730,7.043756868864274,22.459917690608414,1,5,5,0.5821469133136898,37,0.6014195301313707,0.5461562905301,2.4905665745537218,COMPLETE
438,90.86376428604126,2.963978983461857,0.005963740477454849,2.2507767602801323,2026-07-23 22:33:13.418201,2026-07-23 22:34:29.530984,0 days 00:01:16.112783,5.371353499326928,7.893648714605287,1,5,5,0.5780394848812161,20,0.5960314385736925,0.547586145068764,2.371817156606434,COMPLETE
439,94.22202706336975,1.8421471118927002,0.0,1.7852438017725945,2026-07-23 22:33:32.516547,2026-07-23 22:34:31.149030,0 days 00:00:58.632483,8.337755100615292,7.497928768981716,1,5,1,0.5991042132903687,15,0.5068125182971577,0.6147089110038995,2.3328962309988768,COMPLETE
440,95.56019902229309,1.7549581825733185,0.003262004247517325,2.2519828975200653,2026-07-23 22:33:40.424794,2026-07-23 22:34:53.871189,0 days 00:01:13.446395,10.733094849484981,5.366917771967533,1,5,1,0.623091432932244,23,0.8710845775467244,0.6043006022522595,2.142000497967179,COMPLETE
441,93.690425157547,0.8060402236878872,0.0,2.0982868298888206,2026-07-23 22:34:29.549589,2026-07-23 22:35:37.933726,0 days 00:01:08.384137,8.224345078998512,5.659160526936551,1,7,1,0.6234938294200463,15,0.8556803369003009,0.6157999016148896,2.169411606845518,COMPLETE
442,94.01671886444092,0.7243716157972813,0.0,2.0191836953163147,2026-07-23 22:34:31.167963,2026-07-23 22:35:37.165599,0 days 00:01:05.997636,9.291357866251623,20.707628210126238,1,7,1,0.6176968780275854,24,0.703045882526292,0.6066553612461835,2.133527573577503,COMPLETE
443,91.44302606582642,0.9212665259838104,0.0,1.8625034913420677,2026-07-23 22:34:53.891001,2026-07-23 22:35:54.867785,0 days 00:01:00.976784,6.764912823328692,20.82358939881675,1,7,1,0.6653464332147321,24,0.7115603790133782,0.641933180954233,2.010239141855331,COMPLETE
444,92.15061068534851,2.306436561048031,0.0,1.6472947150468826,2026-07-23 22:35:37.185227,2026-07-23 22:36:31.705623,0 days 00:00:54.520396,6.795713227654113,5.780292436452676,1,5,1,0.6012439619987993,22,0.5882188400543842,0.6631630389415503,2.000569513549916,COMPLETE
445,91.54201745986938,2.3807749152183533,0.0037257825169945136,1.8298657909035683,2026-07-23 22:35:37.953162,2026-07-23 22:36:40.520131,0 days 00:01:02.566969,5.875200759563381,20.776881472174303,1,5,5,0.6572711905291683,23,0.5020546168800314,0.6426113521418452,2.427009418863072,COMPLETE
446,65.20017385482788,2.414325997233391,0.0,1.475379317998886,2026-07-23 22:35:54.886962,2026-07-23 22:36:43.654873,0 days 00:00:48.767911,5.718106078338828,6.24064573610315,1,5,5,0.5989799929854223,29,0.5905044330438163,0.8616770002063803,2.5406012545686765,COMPLETE
447,95.64452171325684,1.7338860780000687,0.003141098204650916,1.9455649703741074,2026-07-23 22:36:31.729638,2026-07-23 22:37:36.069577,0 days 00:01:04.339939,14.092958561115386,21.970709430874535,1,5,1,0.5993480593000781,22,0.5724104922643123,0.6248431669458401,2.507168589599602,COMPLETE
448,88.31573724746704,3.8074664771556854,0.0,1.8198332116007805,2026-07-23 22:36:40.541628,2026-07-23 22:37:40.130440,0 days 00:00:59.588812,5.0606600876703105,21.909668889908474,1,5,1,0.6014818693183588,22,0.580850076647079,0.623440006373507,2.143769227028489,COMPLETE
449,63.50637674331665,0.06621055072173476,0.0,1.535099409520626,2026-07-23 22:36:43.676442,2026-07-23 22:37:34.477194,0 days 00:00:50.800752,14.049540874766873,5.119189882006375,1,8,5,0.6012187509120469,27,0.5741047343355761,0.913126475021419,2.6815632031318457,COMPLETE
450,67.76653528213501,0.10261673014611006,0.0,2.404830776154995,2026-07-23 22:37:34.499437,2026-07-23 22:38:56.823187,0 days 00:01:22.323750,13.873549456487785,4.79154129770145,1,8,5,0.5910892519640053,28,0.5767168707493568,0.8767883508202341,2.744349052554914,COMPLETE
451,69.65464353561401,0.11465031420812011,0.0,1.7253831699490547,2026-07-23 22:37:36.089136,2026-07-23 22:38:32.794039,0 days 00:00:56.704903,14.252518524156702,3.7736463337114525,1,8,5,0.6025037577037479,28,0.6141552952251924,0.8674498570413886,2.95870172872754,COMPLETE
452,63.55770826339722,0.05446622963063419,0.0,1.5780885890126228,2026-07-23 22:37:40.152492,2026-07-23 22:38:32.127788,0 days 00:00:51.975296,13.615147739504351,3.7156845389192457,1,8,5,0.5714476674897262,29,0.569921397951954,0.9148410712605541,3.004960048071626,COMPLETE
453,94.39067244529724,0.2432424109429121,0.0030405302823055536,2.7065845131874084,2026-07-23 22:38:32.146033,2026-07-23 22:40:00.365669,0 days 00:01:28.219636,14.005471809235292,4.174667239303446,1,8,5,0.5903562403644258,28,0.6547966663355455,0.5890446081745818,2.8509584356730047,COMPLETE
454,93.76741647720337,0.1503407722339034,0.0,2.288775347173214,2026-07-23 22:38:32.813308,2026-07-23 22:39:47.919799,0 days 00:01:15.106491,13.027784907769114,4.689533417548407,1,8,5,0.5846902597770618,28,0.6569005811297441,0.6605213659223572,2.6549657586921738,COMPLETE
455,93.67575645446777,0.18218840705230832,0.0,2.2718373388051987,2026-07-23 22:38:56.844190,2026-07-23 22:40:11.282692,0 days 00:01:14.438502,13.043317498849502,4.878676816080704,1,8,5,0.6365153656069404,24,0.6494587356785919,0.6620393746552026,2.7572200453829776,COMPLETE
456,96.77005410194397,3.0240604653954506,0.005282201527734287,4.630672864615917,2026-07-23 22:39:47.940556,2026-07-23 22:42:17.495052,0 days 00:02:29.554496,13.290640241787239,4.95152064647697,1,5,1,0.5603927474201555,28,2.749594323246506,0.5734845756619747,2.891653359310694,COMPLETE
457,96.0771381855011,2.0032867789268494,0.0028335032766335644,2.8080505281686783,2026-07-23 22:40:00.385530,2026-07-23 22:41:32.172140,0 days 00:01:31.786610,12.833321992868504,4.457196305520398,1,5,1,0.5742013408621993,29,0.9345999481939655,0.5819791695767284,2.8610456068435433,COMPLETE
458,96.03314399719238,1.8599655479192734,0.0028266953449929133,2.679259665310383,2026-07-23 22:40:11.303550,2026-07-23 22:41:38.960357,0 days 00:01:27.656807,13.14011596391801,4.622857806003716,1,5,1,0.5718270217949989,30,0.7924739486906396,0.5805282196221571,2.9687927261009137,COMPLETE
459,96.74805402755737,2.975465916097164,0.0027049689379055053,4.359013721346855,2026-07-23 22:41:32.193516,2026-07-23 22:43:53.488335,0 days 00:02:21.294819,13.293556574928653,5.113749779352999,1,5,1,0.56377545669109,27,2.753971125895948,0.591074361272113,2.8861103416565963,COMPLETE
460,96.77005410194397,3.0769674107432365,0.005756720929639414,4.28994020819664,2026-07-23 22:41:38.981103,2026-07-23 22:43:57.857124,0 days 00:02:18.876021,14.034297796485726,21.374601188540773,1,5,1,0.5917115751989498,26,2.71902809080159,0.5998423584061855,2.7730873460265366,COMPLETE
461,96.77738547325134,3.171944245696068,0.0027018264518119395,4.784146428108215,2026-07-23 22:42:17.516538,2026-07-23 22:44:52.095530,0 days 00:02:34.578992,13.812173954642816,5.170779587295528,1,5,1,0.5644164609963445,29,2.805577268376924,0.5936117766347605,3.2693722678229644,COMPLETE
462,96.11380100250244,2.022622898221016,0.002922865496657323,2.6071444675326347,2026-07-23 22:43:53.511803,2026-07-23 22:45:18.829896,0 days 00:01:25.318093,13.824658262823533,4.239775669401407,1,5,1,0.5846870409809126,27,0.8915878404350926,0.594988403167666,2.7644016044369897,COMPLETE
463,64.75289463996887,1.5140553936362267,0.0,1.7081182524561882,2026-07-23 22:43:57.876453,2026-07-23 22:44:53.996130,0 days 00:00:56.119677,13.625346595833953,5.023348875600823,1,5,1,0.5602717199372843,31,0.8949517899657187,0.9336331131994847,3.0994837984313914,COMPLETE
464,62.20120191574097,1.4235462062060833,0.0,1.5353162959218025,2026-07-23 22:44:52.117343,2026-07-23 22:45:42.759813,0 days 00:00:50.642470,14.149645855498207,4.336271222568664,1,5,1,0.5854102302826317,27,0.6863459229916794,0.9428233704556098,3.057907773971783,COMPLETE
465,95.99648118019104,1.9292224198579788,0.0029589300538646057,2.310726322233677,2026-07-23 22:44:54.018293,2026-07-23 22:46:09.637786,0 days 00:01:15.619493,14.751043837635972,4.043055938510429,1,5,1,0.5878655536751013,27,0.691056283690868,0.5950995512120675,2.6456036244587815,COMPLETE
466,66.31837487220764,1.4344473369419575,0.0,1.561186708509922,2026-07-23 22:45:18.854144,2026-07-23 22:46:10.041292,0 days 00:00:51.187148,14.448376657356464,3.8858168348754054,1,5,1,0.5910244961871404,27,0.6866806449311793,0.9080422766989927,3.0760192412762963,COMPLETE
467,96.4070975780487,2.594970539212227,0.0059449495893204585,3.2271151542663574,2026-07-23 22:45:42.778833,2026-07-23 22:47:27.377130,0 days 00:01:44.598297,14.831939209888716,3.3857983990104654,1,5,1,0.5996502647228757,51,1.060478950294655,0.5597540031495186,2.643641230203772,COMPLETE
468,96.11013531684875,2.152569033205509,0.005321554999682121,2.616081513464451,2026-07-23 22:46:09.658629,2026-07-23 22:47:34.740442,0 days 00:01:25.081813,14.469470341394006,3.773611895506601,1,5,1,0.5505303366549358,52,0.7560435658691251,0.5661274733598793,2.70313125401557,COMPLETE
469,95.51987051963806,1.6500204801559448,0.005472705015563406,2.177518457174301,2026-07-23 22:46:10.061837,2026-07-23 22:47:21.206414,0 days 00:01:11.144577,12.483556066714199,5.562879342983667,1,5,1,0.554759205129605,51,0.5040746523521873,0.5669376285710396,2.929604927539488,COMPLETE
470,72.327321767807,1.450240146368742,0.0,1.5284561589360237,2026-07-23 22:47:21.228170,2026-07-23 22:48:11.631930,0 days 00:00:50.403760,13.311007328193327,23.097105832478572,1,5,1,0.605834385931041,50,0.6475903602619689,0.8489879804553967,2.6199578595842983,COMPLETE
471,58.61196517944336,1.4582849107682705,0.0,1.4713804498314857,2026-07-23 22:47:27.401996,2026-07-23 22:48:16.023806,0 days 00:00:48.621810,13.30150170622393,5.699968807379533,1,5,1,0.5654973654562034,25,0.7611798123681919,0.9779379628780912,2.8397239492047412,COMPLETE
472,74.08710718154907,1.5602387487888336,0.0,1.7261757925152779,2026-07-23 22:47:34.763556,2026-07-23 22:48:31.964757,0 days 00:00:57.201201,13.12832664421872,23.01471890351127,1,5,1,0.5718868263818739,25,0.7921967839705164,0.8449781170058096,2.852826021336104,COMPLETE
473,65.46781063079834,2.029471844434738,0.0,1.6029555052518845,2026-07-23 22:48:11.653118,2026-07-23 22:49:07.703644,0 days 00:00:56.050526,7.44976790397144,21.667310221878342,1,5,1,0.5747166028400923,25,0.7912895135257275,0.8905749495280328,2.863901441488796,COMPLETE
474,94.15603280067444,2.139543369412422,0.003052130341529846,2.186055801808834,2026-07-23 22:48:16.047064,2026-07-23 22:49:29.249871,0 days 00:01:13.202807,7.572560582089106,5.110531239095945,1,5,1,0.5746247290845031,25,0.8275793419999222,0.6181195668267282,2.2736544038556437,COMPLETE
475,93.81507635116577,1.9863661378622055,0.0032616848329780623,1.9702926278114319,2026-07-23 22:48:31.987562,2026-07-23 22:49:36.381191,0 days 00:01:04.393629,7.602653432181589,6.281724317806826,1,5,1,0.6114529610694691,31,0.5741323545383399,0.617634849023325,2.547170184909919,COMPLETE
476,95.80583572387695,1.8247481435537338,0.00316796540573705,2.0159298703074455,2026-07-23 22:49:07.724772,2026-07-23 22:50:14.617356,0 days 00:01:06.892584,15.011252491511144,6.140055048555779,1,5,1,0.6102157737543755,49,0.5782340665771468,0.6152022938434517,2.5644026001797986,COMPLETE
477,95.62985897064209,1.658204197883606,0.0064271480368915945,1.821888230741024,2026-07-23 22:49:29.271447,2026-07-23 22:50:29.258338,0 days 00:00:59.986891,14.252408179457099,6.41929153738626,1,5,1,0.6128437400602941,32,0.5916932521268038,0.6214791473150577,2.0018908407431972,COMPLETE
478,61.37630343437195,0.1421423745341599,0.0,1.3302349671721458,2026-07-23 22:49:36.401176,2026-07-23 22:50:20.810573,0 days 00:00:44.409397,14.239632183501524,5.899472324474779,1,8,1,0.547819680337873,49,0.6399757108203774,0.9211001519322606,2.0005777729108876,COMPLETE
479,63.93899321556091,0.21623848006129265,0.0,2.271248884499073,2026-07-23 22:50:14.639733,2026-07-23 22:51:29.986481,0 days 00:01:15.346748,13.991883368499215,16.842945762305945,1,8,1,0.5491706819512119,23,2.44084710193219,0.9571564871502923,2.277738431876329,COMPLETE
480,62.20486760139465,0.06692320457659662,0.0,1.4140905514359474,2026-07-23 22:50:20.831412,2026-07-23 22:51:08.663526,0 days 00:00:47.832114,12.387510258037931,16.68330941019834,1,8,3,0.545014524091058,51,0.6646768581573423,0.9177131023078842,2.008095084892153,COMPLETE
481,59.88048315048218,0.06387921166606247,0.0,1.4101253375411034,2026-07-23 22:50:29.278624,2026-07-23 22:51:17.076399,0 days 00:00:47.797775,12.272455600280823,5.420332394887748,1,8,3,0.5496375194699721,51,0.6686412858826732,0.9391930342601702,2.138480371212406,COMPLETE
482,62.03255653381348,0.06674453616142273,0.0,1.419401116669178,2026-07-23 22:51:08.683925,2026-07-23 22:51:55.678106,0 days 00:00:46.994181,14.554656442369838,5.840203291464823,1,8,2,0.5385233426680347,52,0.6613728545413108,0.9249623547535646,2.1379949913107668,COMPLETE
483,62.905120849609375,0.07075985195115209,0.0,1.441250205039978,2026-07-23 22:51:17.096655,2026-07-23 22:52:05.400457,0 days 00:00:48.303802,14.731269207968648,5.595821968475739,1,8,2,0.5252780283368792,53,0.6698962202198055,0.9202357864547404,2.2414909042979563,COMPLETE
484,59.634846448898315,0.05890321917831898,0.0,1.2900408878922462,2026-07-23 22:51:30.008097,2026-07-23 22:52:12.860125,0 days 00:00:42.852028,14.63764921886651,5.804691315397536,1,8,2,0.5334015268009185,50,0.5039147935527385,0.9290913561780435,2.004316867437838,COMPLETE
485,59.82182025909424,0.0644858693704009,0.0,1.339229829609394,2026-07-23 22:51:55.699928,2026-07-23 22:52:40.413505,0 days 00:00:44.713577,13.619597942587694,15.185963264624533,1,8,2,0.5314309702122351,50,0.5047263416067255,0.9295989941349172,2.3248291706377575,COMPLETE
486,93.96905899047852,0.23461184464395046,0.0,2.3033782616257668,2026-07-23 22:52:05.422451,2026-07-23 22:53:20.942107,0 days 00:01:15.519656,14.816093271897884,15.336453197929536,1,8,1,0.5262012474715106,53,0.7346310767774975,0.5510880089992619,2.0002449427100144,COMPLETE
487,94.47866082191467,0.2602113177999854,0.0026283971237717196,5.493773855268955,2026-07-23 22:52:12.882700,2026-07-23 22:55:09.941875,0 days 00:02:57.059175,9.88278663772883,20.455867003928972,1,8,2,0.5440932538444107,53,2.497457395699583,0.5366998823838525,2.2896523353455285,COMPLETE
488,93.30180287361145,0.150619528722018,0.0,2.0055782571434975,2026-07-23 22:52:40.437088,2026-07-23 22:53:46.121073,0 days 00:01:05.683985,10.082417551965582,20.523791801245483,1,8,2,0.5232060982684614,55,0.5065270576423275,0.5859513501894338,2.2868665301569164,COMPLETE
489,93.30913424491882,0.16328435158357024,0.0,1.9842102751135826,2026-07-23 22:53:20.962506,2026-07-23 22:54:25.983010,0 days 00:01:05.020504,10.078148281621484,20.373977109293996,1,8,2,0.5534855219141175,21,0.5084006056294447,0.582872187772295,2.2829346047814845,COMPLETE
490,92.56489276885986,0.16046108212321997,0.0,1.8947982490062714,2026-07-23 22:53:46.142019,2026-07-23 22:54:48.492048,0 days 00:01:02.350029,8.350994075043854,20.292545520425005,1,8,2,0.562517448765992,21,0.5877356140944346,0.6384956318801461,2.276433605084708,COMPLETE
491,92.39991307258606,0.24989251978695393,0.0,6.294194184243679,2026-07-23 22:54:26.005218,2026-07-23 22:57:48.901199,0 days 00:03:22.895981,6.599193389186095,20.809821112120748,1,8,2,0.5388873450711195,53,2.496488592867945,0.5421228970552951,3.254420483972811,COMPLETE
492,91.88297390937805,0.35201949067413807,0.0,4.982144683599472,2026-07-23 22:54:48.516195,2026-07-23 22:57:29.812573,0 days 00:02:41.296378,6.857171406321832,21.462982811386805,1,8,1,0.5283625416895635,49,2.5895669135410815,0.5367671863131098,2.174314780048123,COMPLETE
493,93.5254454612732,0.2777698216959834,0.0,4.341360069811344,2026-07-23 22:55:09.963046,2026-07-23 22:57:30.537232,0 days 00:02:20.574186,9.302478095072907,19.875448844057836,1,8,1,0.5377155924573728,49,2.6344508251955716,0.6017114568734475,2.156730471027653,COMPLETE
494,93.85907053947449,0.23154332302510738,0.0,2.0587308928370476,2026-07-23 22:57:29.833839,2026-07-23 22:58:37.069203,0 days 00:01:07.235364,15.26582109815653,20.944119490035764,1,8,1,0.5598157523644043,49,0.649389450817242,0.5962416993452531,2.1340494281681983,COMPLETE
495,89.80789184570312,0.2898050704970956,0.0,1.8650829568505287,2026-07-23 22:57:30.558342,2026-07-23 22:58:31.936493,0 days 00:01:01.378151,6.475508768386013,22.569379848373384,1,8,1,0.5655772501063792,22,0.63727893979954,0.6457157622079083,2.4084914595872746,COMPLETE
496,81.80451393127441,0.1784972962923348,0.0,1.5490234792232513,2026-07-23 22:57:48.924228,2026-07-23 22:58:40.079499,0 days 00:00:51.155271,15.19295569613201,16.0181076039831,1,8,1,0.563993368492106,18,0.6459358356195902,0.7637687328072764,2.0060926744726526,COMPLETE
497,92.44024157524109,0.2062635263428092,0.0,1.746399626135826,2026-07-23 22:58:31.959647,2026-07-23 22:59:29.853529,0 days 00:00:57.893882,15.287802090744727,21.37056930744752,1,8,1,0.5528359855530437,21,0.6426052215357804,0.67690995338755,2.1274529311198096,COMPLETE
498,81.41223192214966,0.17466522986069322,0.0,1.4394369795918465,2026-07-23 22:58:37.093345,2026-07-23 22:59:25.376417,0 days 00:00:48.283072,14.318831808535764,16.136956011170746,1,8,1,0.4956756058164711,23,0.5009665017977403,0.759382544974552,2.001671238558521,COMPLETE
499,80.48834204673767,0.1620952971279621,0.0,1.45907873660326,2026-07-23 22:58:40.101720,2026-07-23 22:59:28.291088,0 days 00:00:48.189368,15.522907084211342,15.502907714469416,1,8,1,0.5566874614792079,17,0.5240124530680128,0.7683800443783727,2.041573284717135,COMPLETE
500,95.58219909667969,12.48074695467949,0.3626968711614609,12.613250948488712,2026-07-23 22:59:25.401874,2026-07-23 23:06:10.684880,0 days 00:06:45.283006,14.36527769369555,16.16026122461083,5,8,4,0.4620864186957604,24,3.074985389916131,0.4841097423350433,7.076079550707607,COMPLETE
501,95.78750729560852,12.854760885238647,0.320295849815011,9.392187640070915,2026-07-23 22:59:28.311888,2026-07-23 23:04:30.744095,0 days 00:05:02.432207,14.327211725551237,16.166113505262842,4,8,4,0.45976944287076466,23,0.5093343516340952,0.42752642871298674,7.117716133527119,COMPLETE
502,83.17935466766357,1.7392130568623543,0.0063359308114741,6.074311852455139,2026-07-23 22:59:29.876398,2026-07-23 23:02:46.025467,0 days 00:03:16.149069,14.360958355902003,16.38118181741867,3,8,1,0.46435552551894704,22,4.627209033299418,0.8216281690826526,7.13389853801757,COMPLETE
503,93.73075366020203,15.921574831008911,0.30534127727150917,14.876291401684284,2026-07-23 23:02:46.046743,2026-07-23 23:10:43.953659,0 days 00:07:57.906916,14.434256312862152,16.1040103969342,5,8,4,0.44652487588686696,23,3.4512599934420662,0.3515194147157925,9.289691546962525,COMPLETE
